Date,Time,PAR,Y(II),Y(NPQ),Y(NO),NPQ,qN,qP,qL,ETR,PAR(II),ETR(II),PB#,Sigma
01.04.20,8:43:45,nan,nan,nan,nan,nan,nan,nan,nan,nan,nan,nan,PB1,1.616
01.04.20,8:43:47,nan,nan,nan,nan,nan,nan,nan,nan,nan,nan,nan,PB1,1.616
01.04.20,8:43:45,0,nan,nan,nan,nan,nan,nan,nan,nan,0,nan,PB1,1.616
01.04.20,8:43:45,0,0.715,0,0.285,0,0,1,1,0,0,0,PB1,1.616
01.04.20,8:44:06,1,0.695,0.004,0.301,0.014,0.018,0.976,0.923,0.3,0.9731552,0.945934076,PB1,1.616
01.04.20,8:44:36,2,0.699,0.002,0.298,0.008,0.01,0.981,0.937,0.6,1.9463104,1.902756601,PB1,1.616
01.04.20,8:45:06,11,0.667,0.003,0.331,0.009,0.011,0.935,0.806,3.1,10.7047072,9.986069514,PB1,1.616
01.04.20,8:45:36,31,0.546,0.006,0.448,0.014,0.018,0.767,0.487,7.1,30.1678112,23.03723764,PB1,1.616
01.04.20,8:46:06,55,0.506,0.015,0.479,0.031,0.039,0.715,0.423,11.7,53.523536,37.87819471,PB1,1.616
01.04.20,8:46:36,80,0.495,0.026,0.48,0.053,0.065,0.703,0.412,16.6,77.852416,53.89782646,PB1,1.616
01.04.20,8:47:06,114,0.49,0.035,0.475,0.074,0.088,0.7,0.412,23.4,110.9396928,76.02860066,PB1,1.616
01.04.20,8:47:36,150,0.485,0.042,0.473,0.089,0.105,0.696,0.41,30.6,145.97328,99.01684028,PB1,1.616
01.04.20,8:48:06,195,0.466,0.047,0.488,0.096,0.112,0.669,0.381,38.1,189.765264,123.6791791,PB1,1.616
01.04.20,8:48:36,260,0.438,0.052,0.511,0.102,0.118,0.63,0.342,47.8,253.020352,154.9970828,PB1,1.616
01.04.20,8:49:06,345,0.371,0.064,0.565,0.114,0.13,0.535,0.262,53.7,335.738544,174.2083914,PB1,1.616
01.04.20,8:49:36,440,0.319,0.069,0.612,0.113,0.13,0.461,0.208,59,428.188288,191.0378516,PB1,1.616
01.04.20,8:50:06,556,0.267,0.076,0.657,0.116,0.132,0.385,0.162,62.3,541.0742912,202.0515185,PB1,1.616
01.04.20,8:50:36,690,0.219,0.083,0.698,0.119,0.136,0.316,0.125,63.3,671.477088,205.669206,PB1,1.616
01.04.20,8:51:06,844,0.179,0.092,0.729,0.126,0.142,0.26,0.098,63.6,821.3429888,205.6229301,PB1,1.616
01.04.20,8:51:36,1007,0.149,0.1,0.751,0.132,0.149,0.217,0.079,63.1,979.9672864,204.216959,PB1,1.616
01.04.20,8:52:06,1207,0.121,0.109,0.77,0.141,0.157,0.176,0.063,61.4,1174.598326,198.7781783,PB1,1.616
01.04.20,8:52:36,1414,0.1,0.119,0.781,0.152,0.168,0.147,0.051,59.6,1376.041453,192.45335,PB1,1.616
01.04.20,8:53:06,1689,0.079,0.132,0.79,0.167,0.182,0.116,0.04,56,1643.659133,181.607093,PB1,1.616
01.04.20,8:53:36,1995,0.063,0.146,0.791,0.184,0.198,0.092,0.032,52.4,1941.444624,171.0643515,PB1,1.616
01.04.20,8:53:48,nan,nan,nan,nan,nan,nan,nan,nan,nan,nan,nan,PB1,1.616
01.04.20,9:42:19,nan,nan,nan,nan,nan,nan,nan,nan,nan,nan,nan,PB2,1.491
01.04.20,9:42:20,nan,nan,nan,nan,nan,nan,nan,nan,nan,nan,nan,PB2,1.491
01.04.20,9:42:19,0,nan,nan,nan,nan,nan,nan,nan,nan,0,nan,PB2,1.491
01.04.20,9:42:19,0,0.722,0,0.278,0,0,1,1,0,0,0,PB2,1.491
01.04.20,9:42:39,1,0.703,0.007,0.29,0.025,0.031,0.981,0.935,0.3,0.8978802,0.874251774,PB2,1.491
01.04.20,9:43:09,2,0.71,0.005,0.285,0.016,0.02,0.988,0.959,0.6,1.7957604,1.765913967,PB2,1.491
01.04.20,9:43:39,11,0.688,0.005,0.307,0.017,0.021,0.957,0.862,3.2,9.8766822,9.411575282,PB2,1.491
01.04.20,9:44:09,31,0.617,0.006,0.377,0.016,0.021,0.859,0.631,8,27.8342862,23.78636369,PB2,1.491
01.04.20,9:44:39,55,0.571,0.014,0.415,0.033,0.04,0.798,0.529,13.2,49.383411,39.0553015,PB2,1.491
01.04.20,9:45:09,80,0.544,0.023,0.433,0.052,0.063,0.765,0.484,18.3,71.830416,54.12153228,PB2,1.491
01.04.20,9:45:39,114,0.528,0.032,0.439,0.073,0.087,0.747,0.463,25.3,102.3583428,74.85485457,PB2,1.491
01.04.20,9:46:09,150,0.519,0.041,0.44,0.092,0.108,0.737,0.454,32.7,134.68203,96.81436783,PB2,1.491
01.04.20,9:46:39,195,0.499,0.047,0.454,0.103,0.119,0.712,0.424,40.9,175.086639,121.0086328,PB2,1.491
01.04.20,9:47:09,260,0.454,0.053,0.494,0.107,0.122,0.647,0.354,49.5,233.448852,146.7947075,PB2,1.491
01.04.20,9:47:39,345,0.393,0.057,0.549,0.105,0.12,0.56,0.276,57,309.768669,168.6136938,PB2,1.491
01.04.20,9:48:09,440,0.336,0.061,0.603,0.101,0.116,0.478,0.215,62.1,395.067288,183.8540288,PB2,1.491
01.04.20,9:48:39,556,0.282,0.064,0.654,0.098,0.113,0.401,0.166,65.8,499.2213912,194.9867484,PB2,1.491
01.04.20,9:49:09,690,0.234,0.068,0.698,0.097,0.112,0.333,0.129,67.8,619.537338,200.7918796,PB2,1.491
01.04.20,9:49:39,844,0.192,0.074,0.734,0.1,0.116,0.273,0.101,68.1,757.8108888,201.5231172,PB2,1.491
01.04.20,9:50:09,1007,0.16,0.081,0.76,0.106,0.122,0.228,0.081,67.5,904.1653614,200.3690552,PB2,1.491
01.04.20,9:50:39,1207,0.13,0.09,0.78,0.115,0.131,0.186,0.064,65.8,1083.741401,195.1334933,PB2,1.491
01.04.20,9:51:09,1414,0.107,0.099,0.794,0.125,0.141,0.154,0.052,63.7,1269.602603,188.1544024,PB2,1.491
01.04.20,9:51:39,1689,0.085,0.111,0.804,0.139,0.154,0.122,0.041,60.3,1516.519658,178.5376328,PB2,1.491
01.04.20,9:52:09,1995,0.068,0.127,0.805,0.158,0.173,0.098,0.032,56.6,1791.270999,168.7069639,PB2,1.491
01.04.20,9:52:21,nan,nan,nan,nan,nan,nan,nan,nan,nan,nan,nan,PB2,1.491
01.04.20,11:18:27,nan,nan,nan,nan,nan,nan,nan,nan,nan,nan,nan,PB3,1.603
01.04.20,11:18:28,nan,nan,nan,nan,nan,nan,nan,nan,nan,nan,nan,PB3,1.603
01.04.20,11:18:27,0,nan,nan,nan,nan,nan,nan,nan,nan,0,nan,PB3,1.603
01.04.20,11:18:27,0,0.714,0,0.286,0,0,1,1,0,0,0,PB3,1.603
01.04.20,11:18:48,1,0.691,0.005,0.304,0.015,0.019,0.972,0.91,0.3,0.9653266,0.934230645,PB3,1.603
01.04.20,11:19:18,2,0.693,0.007,0.3,0.023,0.029,0.977,0.924,0.6,1.9306532,1.873869282,PB3,1.603
01.04.20,11:19:48,11,0.646,0.012,0.342,0.035,0.044,0.914,0.756,3,10.6185926,9.607298067,PB3,1.603
01.04.20,11:20:18,31,0.53,0.026,0.444,0.059,0.071,0.755,0.478,6.9,29.9251246,22.21332778,PB3,1.603
01.04.20,11:20:48,55,0.503,0.034,0.463,0.073,0.087,0.719,0.434,11.6,53.092963,37.40302575,PB3,1.603
01.04.20,11:21:17,80,0.495,0.043,0.462,0.092,0.108,0.712,0.429,16.6,77.226128,53.53912235,PB3,1.603
01.04.20,11:21:47,114,0.488,0.051,0.461,0.111,0.128,0.705,0.424,23.4,110.0472324,75.21435492,PB3,1.603
01.04.20,11:22:17,150,0.479,0.058,0.463,0.125,0.141,0.695,0.415,30.2,144.79899,97.14105912,PB3,1.603
01.04.20,11:22:48,195,0.457,0.063,0.479,0.132,0.149,0.664,0.382,37.4,188.238687,120.4833053,PB3,1.603
01.04.20,11:23:18,260,0.414,0.069,0.517,0.134,0.151,0.602,0.321,45.2,250.984916,145.5290689,PB3,1.603
01.04.20,11:23:48,345,0.357,0.076,0.567,0.134,0.151,0.519,0.252,51.8,333.037677,166.5188385,PB3,1.603
01.04.20,11:24:18,440,0.303,0.081,0.616,0.132,0.148,0.44,0.197,55.9,424.743704,180.2483786,PB3,1.603
01.04.20,11:24:48,556,0.252,0.088,0.66,0.133,0.15,0.367,0.153,58.9,536.7215896,189.4311493,PB3,1.603
01.04.20,11:25:17,690,0.208,0.093,0.699,0.134,0.15,0.302,0.119,60.2,666.075354,194.0387586,PB3,1.603
01.04.20,11:25:47,844,0.171,0.102,0.727,0.141,0.157,0.249,0.094,60.5,814.7356504,195.125765,PB3,1.603
01.04.20,11:26:18,1007,0.141,0.11,0.749,0.147,0.163,0.205,0.075,59.5,972.0838862,191.9661456,PB3,1.603
01.04.20,11:26:47,1207,0.114,0.121,0.765,0.158,0.174,0.167,0.06,58,1165.149206,186.0322262,PB3,1.603
01.04.20,11:27:17,1414,0.094,0.132,0.773,0.171,0.186,0.139,0.049,56.1,1364.971812,179.7021714,PB3,1.603
01.04.20,11:27:48,1689,0.075,0.146,0.779,0.187,0.201,0.111,0.039,53.3,1630.436627,171.2643516,PB3,1.603
01.04.20,11:28:17,1995,0.059,0.16,0.781,0.205,0.216,0.088,0.031,49.8,1925.826567,159.1369292,PB3,1.603
01.04.20,11:28:29,nan,nan,nan,nan,nan,nan,nan,nan,nan,nan,nan,PB3,1.603
01.04.20,9:04:07,nan,nan,nan,nan,nan,nan,nan,nan,nan,nan,nan,PB4,1.485
01.04.20,9:04:08,nan,nan,nan,nan,nan,nan,nan,nan,nan,nan,nan,PB4,1.485
01.04.20,9:04:07,0,nan,nan,nan,nan,nan,nan,nan,nan,0,nan,PB4,1.485
01.04.20,9:04:07,0,0.731,0,0.269,0,0,1,1,0,0,0,PB4,1.485
01.04.20,9:04:28,1,0.705,0.009,0.286,0.032,0.039,0.972,0.906,0.3,0.894267,0.862459966,PB4,1.485
01.04.20,9:04:58,2,0.713,0.006,0.281,0.023,0.029,0.981,0.935,0.6,1.788534,1.744493491,PB4,1.485
01.04.20,9:05:28,11,0.693,0.01,0.297,0.034,0.041,0.957,0.86,3.2,9.836937,9.325577758,PB4,1.485
01.04.20,9:05:58,31,0.643,0.014,0.343,0.041,0.05,0.89,0.691,8.4,27.722277,24.3849851,PB4,1.485
01.04.20,9:06:28,55,0.594,0.022,0.384,0.057,0.068,0.825,0.569,13.7,49.184685,39.96676182,PB4,1.485
01.04.20,9:06:58,80,0.552,0.031,0.416,0.076,0.089,0.771,0.488,18.6,71.54136,54.02302424,PB4,1.485
01.04.20,9:07:28,114,0.512,0.044,0.443,0.099,0.114,0.72,0.425,24.5,101.946438,71.40434508,PB4,1.485
01.04.20,9:07:58,150,0.496,0.055,0.448,0.124,0.139,0.702,0.407,31.3,134.14005,91.01705171,PB4,1.485
01.04.20,9:08:28,195,0.484,0.067,0.45,0.148,0.162,0.688,0.396,39.6,174.382065,115.4595341,PB4,1.485
01.04.20,9:08:58,260,0.468,0.078,0.454,0.171,0.183,0.67,0.379,51.1,232.50942,148.8569201,PB4,1.485
01.04.20,9:09:28,345,0.441,0.089,0.471,0.189,0.199,0.633,0.345,63.8,308.522115,186.1262007,PB4,1.485
01.04.20,9:09:58,440,0.403,0.1,0.497,0.201,0.21,0.581,0.298,74.5,393.47748,216.9239732,PB4,1.485
01.04.20,9:10:28,556,0.357,0.11,0.533,0.207,0.215,0.515,0.246,83.3,497.212452,242.8246859,PB4,1.485
01.04.20,9:10:58,690,0.307,0.122,0.57,0.214,0.221,0.445,0.198,89.1,617.04423,259.1416944,PB4,1.485
01.04.20,9:11:28,844,0.261,0.132,0.607,0.218,0.225,0.378,0.158,92.5,754.761348,269.4838739,PB4,1.485
01.04.20,9:11:58,1007,0.222,0.143,0.635,0.225,0.231,0.322,0.129,93.8,900.526869,273.4842201,PB4,1.485
01.04.20,9:12:28,1207,0.185,0.153,0.662,0.232,0.236,0.269,0.103,93.7,1079.380269,273.1673731,PB4,1.485
01.04.20,9:12:58,1414,0.154,0.163,0.683,0.238,0.241,0.225,0.083,91.6,1264.493538,266.3912515,PB4,1.485
01.04.20,9:13:28,1689,0.125,0.174,0.702,0.248,0.249,0.182,0.065,88.4,1510.416963,258.2792344,PB4,1.485
01.04.20,9:13:58,1995,0.099,0.185,0.716,0.259,0.257,0.144,0.051,82.6,1784.062665,241.6172419,PB4,1.485
01.04.20,9:14:09,nan,nan,nan,nan,nan,nan,nan,nan,nan,nan,nan,PB4,1.485
01.04.20,9:26:57,nan,nan,nan,nan,nan,nan,nan,nan,nan,nan,nan,PB6,1.5
01.04.20,9:26:59,nan,nan,nan,nan,nan,nan,nan,nan,nan,nan,nan,PB6,1.5
01.04.20,9:26:57,0,nan,nan,nan,nan,nan,nan,nan,nan,0,nan,PB6,1.5
01.04.20,9:26:57,0,0.724,0,0.276,0,0,1,1,0,0,0,PB6,1.5
01.04.20,9:27:18,1,0.7,0.008,0.292,0.029,0.036,0.974,0.912,0.3,0.9033,0.873356354,PB6,1.5
01.04.20,9:27:48,2,0.702,0.008,0.29,0.026,0.032,0.977,0.921,0.6,1.8066,1.751703315,PB6,1.5
01.04.20,9:28:18,11,0.662,0.01,0.328,0.032,0.039,0.921,0.767,3.1,9.9363,9.085401381,PB6,1.5
01.04.20,9:28:48,31,0.558,0.018,0.423,0.043,0.052,0.78,0.501,7.3,28.0023,21.58188315,PB6,1.5
01.04.20,9:29:18,55,0.511,0.028,0.462,0.06,0.071,0.716,0.421,11.8,49.6815,35.0652576,PB6,1.5
01.04.20,9:29:48,80,0.491,0.037,0.471,0.079,0.093,0.693,0.397,16.5,72.264,49.00776796,PB6,1.5
01.04.20,9:30:18,114,0.48,0.048,0.471,0.103,0.118,0.681,0.387,23,102.9762,68.27151381,PB6,1.5
01.04.20,9:30:48,150,0.476,0.056,0.468,0.119,0.135,0.679,0.387,30,135.495,89.08234807,PB6,1.5
01.04.20,9:31:18,195,0.472,0.063,0.465,0.136,0.152,0.676,0.386,38.7,176.1435,114.833884,PB6,1.5
01.04.20,9:31:48,260,0.456,0.071,0.473,0.149,0.164,0.656,0.367,49.8,234.858,147.9216133,PB6,1.5
01.04.20,9:32:18,345,0.421,0.08,0.499,0.16,0.174,0.606,0.32,61,311.6385,181.2152051,PB6,1.5
01.04.20,9:32:48,440,0.375,0.089,0.536,0.166,0.18,0.542,0.267,69.4,397.452,205.8625691,PB6,1.5
01.04.20,9:33:18,556,0.325,0.098,0.577,0.17,0.184,0.469,0.214,75.8,502.2348,225.4507044,PB6,1.5
01.04.20,9:33:48,690,0.275,0.108,0.617,0.175,0.188,0.398,0.169,79.7,623.277,236.7419544,PB6,1.5
01.04.20,9:34:18,844,0.23,0.117,0.652,0.179,0.192,0.334,0.134,81.7,762.3852,242.1941934,PB6,1.5
01.04.20,9:34:48,1007,0.194,0.126,0.68,0.185,0.197,0.281,0.108,82,909.6231,243.7387865,PB6,1.5
01.04.20,9:35:18,1207,0.159,0.137,0.703,0.195,0.206,0.232,0.086,80.8,1090.2831,239.4406256,PB6,1.5
01.04.20,9:35:48,1414,0.133,0.149,0.718,0.207,0.216,0.194,0.071,79.1,1277.2662,234.635918,PB6,1.5
01.04.20,9:36:18,1689,0.106,0.163,0.731,0.223,0.23,0.156,0.055,75.4,1525.6737,223.3721163,PB6,1.5
01.04.20,9:36:48,1995,0.085,0.178,0.737,0.242,0.245,0.125,0.044,71,1802.0835,211.5705767,PB6,1.5
01.04.20,9:37:00,nan,nan,nan,nan,nan,nan,nan,nan,nan,nan,nan,PB6,1.5
01.04.20,9:57:00,nan,nan,nan,nan,nan,nan,nan,nan,nan,nan,nan,PB7,1.584
01.04.20,9:57:01,nan,nan,nan,nan,nan,nan,nan,nan,nan,nan,nan,PB7,1.584
01.04.20,9:57:00,0,nan,nan,nan,nan,nan,nan,nan,nan,0,nan,PB7,1.584
01.04.20,9:57:00,0,0.714,0,0.286,0,0,1,1,0,0,0,PB7,1.584
01.04.20,9:57:20,1,0.695,0.009,0.296,0.031,0.038,0.982,0.94,0.3,0.9538848,0.928501311,PB7,1.584
01.04.20,9:57:51,2,0.701,0.005,0.294,0.017,0.021,0.986,0.954,0.6,1.9077696,1.873034299,PB7,1.584
01.04.20,9:58:20,11,0.68,0.007,0.313,0.021,0.027,0.959,0.871,3.1,10.4927328,9.993078857,PB7,1.584
01.04.20,9:58:50,31,0.609,0.009,0.382,0.023,0.029,0.859,0.639,7.9,29.5704288,25.22183633,PB7,1.584
01.04.20,9:59:20,55,0.561,0.017,0.421,0.041,0.051,0.795,0.533,13,52.463664,41.22145029,PB7,1.584
01.04.20,9:59:50,80,0.533,0.026,0.441,0.059,0.071,0.759,0.484,17.9,76.310784,56.96589338,PB7,1.584
01.04.20,10:00:20,114,0.51,0.036,0.454,0.078,0.093,0.73,0.45,24.4,108.7428672,77.67347657,PB7,1.584
01.04.20,10:00:51,150,0.5,0.044,0.456,0.097,0.113,0.72,0.439,31.5,143.08272,100.1979832,PB7,1.584
01.04.20,10:01:20,195,0.49,0.053,0.457,0.115,0.132,0.709,0.43,40.2,186.007536,127.6522306,PB7,1.584
01.04.20,10:01:51,260,0.473,0.061,0.467,0.13,0.147,0.687,0.406,51.6,248.010048,164.297973,PB7,1.584
01.04.20,10:02:20,345,0.438,0.069,0.493,0.141,0.157,0.638,0.356,63.5,329.090256,201.8788965,PB7,1.584
01.04.20,10:02:50,440,0.393,0.078,0.529,0.147,0.164,0.574,0.298,72.7,419.709312,231.0164701,PB7,1.584
01.04.20,10:03:20,556,0.342,0.085,0.573,0.149,0.165,0.5,0.239,79.9,530.3599488,254.0379587,PB7,1.584
01.04.20,10:03:51,690,0.291,0.093,0.616,0.151,0.168,0.425,0.189,84.3,658.180512,268.2500406,PB7,1.584
01.04.20,10:04:20,844,0.245,0.1,0.655,0.153,0.169,0.358,0.15,86.8,805.0787712,276.2525195,PB7,1.584
01.04.20,10:04:50,1007,0.206,0.108,0.686,0.157,0.173,0.302,0.12,87.2,960.5619936,277.1369337,PB7,1.584
01.04.20,10:05:21,1207,0.17,0.115,0.714,0.161,0.177,0.25,0.095,86.4,1151.338954,274.1283223,PB7,1.584
01.04.20,10:05:50,1414,0.142,0.123,0.735,0.167,0.182,0.208,0.077,84.4,1348.793107,268.2473687,PB7,1.584
01.04.20,10:06:20,1689,0.114,0.132,0.754,0.176,0.19,0.168,0.061,80.8,1611.111427,257.2362783,PB7,1.584
01.04.20,10:06:51,1995,0.092,0.143,0.765,0.187,0.2,0.135,0.048,76.7,1903.000176,245.2045045,PB7,1.584
01.04.20,10:07:02,nan,nan,nan,nan,nan,nan,nan,nan,nan,nan,nan,PB7,1.584
01.04.20,11:04:23,nan,nan,nan,nan,nan,nan,nan,nan,nan,nan,nan,PB8,1.476
01.04.20,11:04:24,nan,nan,nan,nan,nan,nan,nan,nan,nan,nan,nan,PB8,1.476
01.04.20,11:04:23,0,nan,nan,nan,nan,nan,nan,nan,nan,0,nan,PB8,1.476
01.04.20,11:04:23,0,0.719,0,0.281,0,0,1,1,0,0,0,PB8,1.476
01.04.20,11:04:43,1,0.693,0.013,0.293,0.046,0.056,0.977,0.924,0.3,0.8888472,0.856705298,PB8,1.476
01.04.20,11:05:13,2,0.699,0.011,0.289,0.04,0.049,0.983,0.943,0.6,1.7776944,1.728245321,PB8,1.476
01.04.20,11:05:43,11,0.672,0.013,0.315,0.041,0.05,0.946,0.834,3.1,9.7773192,9.13818985,PB8,1.476
01.04.20,11:06:13,31,0.558,0.021,0.421,0.049,0.059,0.787,0.518,7.3,27.5542632,21.38425433,PB8,1.476
01.04.20,11:06:43,55,0.521,0.03,0.45,0.066,0.079,0.737,0.452,12,48.886596,35.42408417,PB8,1.476
01.04.20,11:07:13,80,0.501,0.04,0.458,0.088,0.103,0.714,0.427,16.8,71.107776,49.54797744,PB8,1.476
01.04.20,11:07:43,114,0.485,0.051,0.464,0.109,0.125,0.695,0.408,23.2,101.3285808,68.35098983,PB8,1.476
01.04.20,11:08:13,150,0.477,0.059,0.464,0.128,0.144,0.687,0.402,30.1,133.32708,88.45204056,PB8,1.476
01.04.20,11:08:43,195,0.471,0.067,0.463,0.144,0.16,0.681,0.397,38.5,173.325204,113.5412672,PB8,1.476
01.04.20,11:09:13,260,0.458,0.073,0.468,0.156,0.172,0.666,0.382,50.1,231.100272,147.209909,PB8,1.476
01.04.20,11:09:43,345,0.43,0.081,0.489,0.166,0.181,0.625,0.343,62.3,306.652284,183.3942728,PB8,1.476
01.04.20,11:10:13,440,0.389,0.09,0.522,0.172,0.186,0.567,0.291,71.9,391.092768,211.5926102,PB8,1.476
01.04.20,11:10:43,556,0.34,0.098,0.562,0.175,0.189,0.495,0.236,79.3,494.1990432,233.6963487,PB8,1.476
01.04.20,11:11:13,690,0.29,0.107,0.603,0.178,0.192,0.423,0.188,84,613.304568,247.3690191,PB8,1.476
01.04.20,11:11:43,844,0.244,0.117,0.639,0.184,0.196,0.357,0.149,86.5,750.1870368,254.5836397,PB8,1.476
01.04.20,11:12:13,1007,0.206,0.125,0.668,0.188,0.2,0.302,0.121,87.3,895.0691304,256.4453976,PB8,1.476
01.04.20,11:12:43,1207,0.169,0.135,0.695,0.195,0.206,0.248,0.095,85.8,1072.83857,252.1692885,PB8,1.476
01.04.20,11:13:13,1414,0.142,0.143,0.715,0.2,0.211,0.208,0.077,84.2,1256.829941,248.2195432,PB8,1.476
01.04.20,11:13:43,1689,0.114,0.153,0.732,0.209,0.219,0.168,0.061,81.1,1501.262921,238.0305605,PB8,1.476
01.04.20,11:14:13,1995,0.091,0.165,0.743,0.222,0.23,0.135,0.048,76.5,1773.250164,224.4308274,PB8,1.476
01.04.20,11:14:25,nan,nan,nan,nan,nan,nan,nan,nan,nan,nan,nan,PB8,1.476
01.04.20,10:47:00,nan,nan,nan,nan,nan,nan,nan,nan,nan,nan,nan,PB9,1.342
01.04.20,10:47:01,nan,nan,nan,nan,nan,nan,nan,nan,nan,nan,nan,PB9,1.342
01.04.20,10:47:00,0,nan,nan,nan,nan,nan,nan,nan,nan,0,nan,PB9,1.342
01.04.20,10:47:00,0,0.718,0,0.282,0,0,1,1,0,0,0,PB9,1.342
01.04.20,10:47:21,1,0.696,0.012,0.292,0.041,0.05,0.981,0.937,0.3,0.8081524,0.78339007,PB9,1.342
01.04.20,10:47:50,2,0.702,0.009,0.288,0.032,0.04,0.988,0.959,0.6,1.6163048,1.580286866,PB9,1.342
01.04.20,10:48:20,11,0.683,0.013,0.304,0.042,0.051,0.963,0.883,3.2,8.8896764,8.456335628,PB9,1.342
01.04.20,10:48:50,31,0.626,0.013,0.361,0.037,0.046,0.881,0.683,8.1,25.0527244,21.84262601,PB9,1.342
01.04.20,10:49:21,55,0.584,0.022,0.394,0.055,0.067,0.827,0.584,13.5,44.448382,36.15300152,PB9,1.342
01.04.20,10:49:51,80,0.555,0.031,0.414,0.076,0.09,0.79,0.528,18.6,64.652192,49.97488379,PB9,1.342
01.04.20,10:50:21,114,0.525,0.043,0.431,0.1,0.116,0.753,0.479,25.2,92.1293736,67.36479267,PB9,1.342
01.04.20,10:50:50,150,0.511,0.052,0.437,0.119,0.136,0.736,0.46,32.2,121.22286,86.27420816,PB9,1.342
01.04.20,10:51:21,195,0.498,0.061,0.441,0.138,0.154,0.722,0.445,40.8,157.589718,109.3031749,PB9,1.342
01.04.20,10:51:51,260,0.483,0.069,0.448,0.154,0.17,0.702,0.424,52.7,210.119624,141.3478808,PB9,1.342
01.04.20,10:52:21,345,0.456,0.077,0.467,0.165,0.18,0.665,0.384,66.1,278.812578,177.0731693,PB9,1.342
01.04.20,10:52:51,440,0.419,0.085,0.497,0.171,0.185,0.611,0.332,77.3,355.587056,207.5083238,PB9,1.342
01.04.20,10:53:21,556,0.371,0.092,0.537,0.172,0.186,0.542,0.272,86.7,449.3327344,232.1761065,PB9,1.342
01.04.20,10:53:51,690,0.321,0.099,0.58,0.171,0.185,0.469,0.218,93.1,557.625156,249.3003831,PB9,1.342
01.04.20,10:54:21,844,0.273,0.106,0.621,0.17,0.185,0.398,0.173,96.7,682.0806256,259.3426334,PB9,1.342
01.04.20,10:54:51,1007,0.231,0.111,0.657,0.169,0.184,0.338,0.139,97.9,813.8094668,261.8244942,PB9,1.342
01.04.20,10:55:21,1207,0.192,0.118,0.69,0.171,0.185,0.281,0.11,97.4,975.4399468,260.8418799,PB9,1.342
01.04.20,10:55:51,1414,0.16,0.122,0.717,0.171,0.185,0.234,0.088,95.3,1142.727494,254.6467952,PB9,1.342
01.04.20,10:56:21,1689,0.13,0.13,0.74,0.175,0.189,0.19,0.069,92,1364.969404,247.1393071,PB9,1.342
01.04.20,10:56:51,1995,0.103,0.139,0.758,0.183,0.196,0.152,0.054,86.6,1612.264038,231.2857882,PB9,1.342
01.04.20,10:57:02,nan,nan,nan,nan,nan,nan,nan,nan,nan,nan,nan,PB9,1.342
01.04.20,10:32:14,nan,nan,nan,nan,nan,nan,nan,nan,nan,nan,nan,PB10,1.49
01.04.20,10:32:15,nan,nan,nan,nan,nan,nan,nan,nan,nan,nan,nan,PB10,1.49
01.04.20,10:32:14,0,nan,nan,nan,nan,nan,nan,nan,nan,0,nan,PB10,1.49
01.04.20,10:32:14,0,0.716,0,0.284,0,0,1,1,0,0,0,PB10,1.49
01.04.20,10:32:45,2,0.709,0.001,0.29,0.004,0.005,0.991,0.97,0.6,1.794556,1.777011458,PB10,1.49
01.04.20,10:33:15,11,0.694,0.004,0.302,0.015,0.019,0.972,0.91,3.2,9.870058,9.566788061,PB10,1.49
01.04.20,10:33:45,31,0.665,0.004,0.332,0.012,0.015,0.931,0.794,8.7,27.815618,25.83433795,PB10,1.49
01.04.20,10:34:15,55,0.637,0.007,0.356,0.02,0.025,0.894,0.708,14.7,49.35029,43.9052161,PB10,1.49
01.04.20,10:34:45,80,0.603,0.013,0.384,0.034,0.042,0.85,0.622,20.3,71.78224,60.45347866,PB10,1.49
01.04.20,10:35:15,114,0.561,0.022,0.417,0.053,0.064,0.796,0.534,26.9,102.289692,80.14597376,PB10,1.49
01.04.20,10:35:45,150,0.537,0.031,0.431,0.073,0.087,0.766,0.494,33.9,134.5917,100.943775,PB10,1.49
01.04.20,10:36:15,195,0.519,0.04,0.441,0.091,0.106,0.744,0.467,42.5,174.96921,126.8282402,PB10,1.49
01.04.20,10:36:45,260,0.501,0.049,0.451,0.108,0.124,0.721,0.44,54.7,233.29228,163.2394306,PB10,1.49
01.04.20,10:37:15,345,0.476,0.057,0.468,0.121,0.138,0.687,0.403,68.9,309.56091,205.7974765,PB10,1.49
01.04.20,10:37:45,440,0.44,0.064,0.496,0.128,0.145,0.637,0.352,81.3,394.80232,242.6159508,PB10,1.49
01.04.20,10:38:15,556,0.394,0.07,0.536,0.13,0.146,0.571,0.292,92.1,498.886568,274.5269662,PB10,1.49
01.04.20,10:38:45,690,0.344,0.075,0.582,0.128,0.145,0.497,0.234,99.6,619.12182,297.4551761,PB10,1.49
01.04.20,10:39:15,844,0.293,0.08,0.626,0.128,0.145,0.425,0.186,104,757.302632,309.9017754,PB10,1.49
01.04.20,10:39:45,1007,0.251,0.084,0.665,0.127,0.144,0.363,0.149,106,903.558946,316.7504126,PB10,1.49
01.04.20,10:40:15,1207,0.209,0.09,0.701,0.129,0.146,0.302,0.118,105.7,1083.014546,316.1313409,PB10,1.49
01.04.20,10:40:45,1414,0.174,0.098,0.727,0.135,0.152,0.253,0.095,103.6,1268.751092,308.3277793,PB10,1.49
01.04.20,10:41:15,1689,0.14,0.107,0.752,0.142,0.159,0.204,0.074,99.7,1515.502542,296.3273127,PB10,1.49
01.04.20,10:41:45,1995,0.113,0.115,0.772,0.149,0.165,0.164,0.058,94.6,1790.06961,282.5109859,PB10,1.49
01.04.20,10:41:57,nan,nan,nan,nan,nan,nan,nan,nan,nan,nan,nan,PB10,1.49
Date,Time,PAR,Y(II),Y(NPQ),Y(NO),NPQ,qN,qP,qL,ETR,PAR(II),ETR(II),PB#,Sigma
02.04.20,8:50:27,nan,nan,nan,nan,nan,nan,nan,nan,nan,nan,nan,PB1,1.518
02.04.20,8:50:28,nan,nan,nan,nan,nan,nan,nan,nan,nan,nan,nan,PB1,1.518
02.04.20,8:50:27,0,nan,nan,nan,nan,nan,nan,nan,nan,0,nan,PB1,1.518
02.04.20,8:50:27,0,0.722,0,0.278,0,0,1,1,0,0,0,PB1,1.518
02.04.20,8:50:58,2,0.708,0.003,0.289,0.009,0.011,0.983,0.941,0.6,1.8282792,1.792827803,PB1,1.518
02.04.20,8:51:28,11,0.686,0.006,0.308,0.019,0.024,0.955,0.856,3.2,10.0555356,9.554151553,PB1,1.518
02.04.20,8:51:58,31,0.626,0.009,0.365,0.023,0.029,0.873,0.659,8.2,28.3383276,24.57035052,PB1,1.518
02.04.20,8:52:28,55,0.57,0.017,0.413,0.04,0.049,0.798,0.53,13.2,50.277678,39.69290368,PB1,1.518
02.04.20,8:52:58,80,0.54,0.024,0.436,0.056,0.067,0.759,0.477,18.1,73.131168,54.69644144,PB1,1.518
02.04.20,8:53:28,114,0.52,0.033,0.446,0.074,0.088,0.736,0.448,24.9,104.2119144,75.05567242,PB1,1.518
02.04.20,8:53:58,150,0.508,0.041,0.452,0.09,0.105,0.721,0.433,32,137.12094,96.47844532,PB1,1.518
02.04.20,8:54:28,195,0.486,0.047,0.466,0.102,0.117,0.692,0.401,39.8,178.257222,119.9903184,PB1,1.518
02.04.20,8:54:58,260,0.445,0.056,0.5,0.111,0.127,0.635,0.342,48.6,237.676296,146.4902378,PB1,1.518
02.04.20,8:55:28,345,0.389,0.065,0.546,0.119,0.135,0.556,0.274,56.3,315.378162,169.919813,PB1,1.518
02.04.20,8:55:58,440,0.335,0.071,0.594,0.119,0.135,0.479,0.217,61.9,402.221424,186.626284,PB1,1.518
02.04.20,8:56:28,556,0.282,0.077,0.64,0.121,0.137,0.404,0.169,65.9,508.2616176,198.5176955,PB1,1.518
02.04.20,8:56:58,690,0.236,0.084,0.68,0.124,0.14,0.338,0.134,68.4,630.756324,206.1751973,PB1,1.518
02.04.20,8:57:28,844,0.194,0.091,0.715,0.128,0.144,0.278,0.104,68.8,771.5338224,207.309642,PB1,1.518
02.04.20,8:57:58,1007,0.161,0.102,0.737,0.138,0.154,0.232,0.084,68.2,920.5385772,205.2724528,PB1,1.518
02.04.20,8:58:28,1207,0.132,0.109,0.758,0.144,0.16,0.191,0.067,67.1,1103.366497,201.7235147,PB1,1.518
02.04.20,8:58:58,1414,0.109,0.121,0.769,0.158,0.173,0.158,0.055,64.8,1292.593394,195.1422161,PB1,1.518
02.04.20,8:59:28,1689,0.088,0.134,0.778,0.172,0.186,0.127,0.043,62.3,1543.981784,188.1861455,PB1,1.518
02.04.20,8:59:58,1995,0.07,0.149,0.781,0.191,0.203,0.102,0.034,58.3,1823.708502,176.8138437,PB1,1.518
02.04.20,9:00:09,nan,nan,nan,nan,nan,nan,nan,nan,nan,nan,nan,PB1,1.518
02.04.20,9:32:37,nan,nan,nan,nan,nan,nan,nan,nan,nan,nan,nan,PB2,1.43
02.04.20,9:32:38,nan,nan,nan,nan,nan,nan,nan,nan,nan,nan,nan,PB2,1.43
02.04.20,9:32:37,0,nan,nan,nan,nan,nan,nan,nan,nan,0,nan,PB2,1.43
02.04.20,9:32:37,0,0.723,0,0.277,0,0,1,1,0,0,0,PB2,1.43
02.04.20,9:32:58,1,0.704,0.002,0.294,0.005,0.007,0.975,0.916,0.3,0.861146,0.838515607,PB2,1.43
02.04.20,9:33:28,2,0.708,0,0.294,0,0,0.977,0.921,0.6,1.722292,1.686559801,PB2,1.43
02.04.20,9:33:58,11,0.684,0,0.319,0,0,0.943,0.82,3.2,9.472606,8.961635552,PB2,1.43
02.04.20,9:34:28,31,0.623,0,0.382,0,0,0.858,0.624,8.1,26.695526,23.00319875,PB2,1.43
02.04.20,9:34:58,55,0.579,0,0.421,0,0.001,0.801,0.527,13.4,47.36303,37.92972942,PB2,1.43
02.04.20,9:35:28,80,0.552,0.008,0.44,0.019,0.024,0.767,0.48,18.5,68.89168,52.59779718,PB2,1.43
02.04.20,9:35:58,114,0.533,0.017,0.45,0.038,0.047,0.745,0.454,25.5,98.170644,72.3719962,PB2,1.43
02.04.20,9:36:28,150,0.522,0.025,0.453,0.054,0.066,0.733,0.441,32.9,129.1719,93.26103983,PB2,1.43
02.04.20,9:36:58,195,0.502,0.031,0.467,0.066,0.079,0.707,0.412,41.1,167.92347,116.5941659,PB2,1.43
02.04.20,9:37:28,260,0.462,0.037,0.501,0.074,0.088,0.652,0.353,50.4,223.89796,143.0717255,PB2,1.43
02.04.20,9:37:58,345,0.405,0.043,0.552,0.078,0.092,0.572,0.281,58.7,297.09537,166.4227176,PB2,1.43
02.04.20,9:38:28,440,0.349,0.047,0.605,0.077,0.091,0.492,0.221,64.4,378.90424,182.9012168,PB2,1.43
02.04.20,9:38:58,556,0.293,0.048,0.658,0.073,0.087,0.414,0.171,68.5,478.797176,194.0353701,PB2,1.43
02.04.20,9:39:28,690,0.243,0.05,0.708,0.07,0.083,0.342,0.131,70.3,594.19074,199.7072612,PB2,1.43
02.04.20,9:39:58,844,0.2,0.052,0.748,0.07,0.083,0.282,0.102,70.8,726.807224,201.053174,PB2,1.43
02.04.20,9:40:28,1007,0.166,0.055,0.779,0.071,0.084,0.233,0.081,70,867.174022,199.1021959,PB2,1.43
02.04.20,9:40:58,1207,0.135,0.061,0.804,0.076,0.09,0.19,0.064,68.3,1039.403222,194.0794398,PB2,1.43
02.04.20,9:41:28,1414,0.111,0.069,0.82,0.084,0.098,0.157,0.052,66,1217.660444,186.9437196,PB2,1.43
02.04.20,9:41:58,1689,0.088,0.078,0.833,0.094,0.109,0.125,0.041,62.7,1454.475594,177.0316076,PB2,1.43
02.04.20,9:42:28,1995,0.07,0.091,0.839,0.108,0.124,0.1,0.032,58.7,1717.98627,166.3333871,PB2,1.43
02.04.20,9:42:39,nan,nan,nan,nan,nan,nan,nan,nan,nan,nan,nan,PB2,1.43
02.04.20,10:16:27,nan,nan,nan,nan,nan,nan,nan,nan,nan,nan,nan,PB3,1.523
02.04.20,10:16:28,nan,nan,nan,nan,nan,nan,nan,nan,nan,nan,nan,PB3,1.523
02.04.20,10:16:27,0,nan,nan,nan,nan,nan,nan,nan,nan,0,nan,PB3,1.523
02.04.20,10:16:27,0,0.714,0,0.286,0,0,1,1,0,0,0,PB3,1.523
02.04.20,10:16:47,1,0.695,0.003,0.303,0.008,0.011,0.976,0.92,0.3,0.9171506,0.892744632,PB3,1.523
02.04.20,10:17:17,2,0.697,0,0.302,0.001,0.002,0.977,0.925,0.6,1.8343012,1.790627362,PB3,1.523
02.04.20,10:17:48,11,0.671,0,0.329,0,0,0.94,0.818,3.1,10.0886566,9.481076441,PB3,1.523
02.04.20,10:18:17,31,0.604,0,0.396,0,0,0.846,0.611,7.9,28.4316686,24.05143954,PB3,1.523
02.04.20,10:18:47,55,0.569,0.006,0.425,0.013,0.017,0.8,0.536,13.1,50.443283,40.19919892,PB3,1.523
02.04.20,10:19:17,80,0.547,0.013,0.441,0.029,0.036,0.772,0.497,18.4,73.372048,56.21079868,PB3,1.523
02.04.20,10:19:47,114,0.526,0.02,0.454,0.045,0.055,0.746,0.465,25.2,104.5551684,77.0252361,PB3,1.523
02.04.20,10:20:18,150,0.511,0.027,0.462,0.057,0.07,0.728,0.444,32.2,137.57259,98.45881441,PB3,1.523
02.04.20,10:20:48,195,0.486,0.031,0.483,0.064,0.078,0.693,0.403,39.8,178.844367,121.7344011,PB3,1.523
02.04.20,10:21:18,260,0.439,0.035,0.526,0.067,0.081,0.627,0.335,47.9,238.459156,146.6156435,PB3,1.523
02.04.20,10:21:48,345,0.38,0.037,0.583,0.064,0.077,0.542,0.261,55.1,316.416957,168.4011816,PB3,1.523
02.04.20,10:22:18,440,0.323,0.039,0.638,0.061,0.074,0.46,0.203,59.7,403.546264,182.5566432,PB3,1.523
02.04.20,10:22:48,556,0.269,0.04,0.691,0.057,0.069,0.383,0.156,62.9,509.9357336,192.1186447,PB3,1.523
02.04.20,10:23:18,690,0.221,0.039,0.74,0.053,0.064,0.315,0.12,64.2,632.833914,195.8771639,PB3,1.523
02.04.20,10:23:47,844,0.181,0.041,0.777,0.053,0.065,0.258,0.094,64.3,774.0751064,196.2291236,PB3,1.523
02.04.20,10:24:18,1007,0.15,0.045,0.805,0.056,0.068,0.214,0.075,63.5,923.5706542,194.0274484,PB3,1.523
02.04.20,10:24:47,1207,0.122,0.05,0.828,0.06,0.073,0.173,0.059,61.7,1107.000774,189.1513928,PB3,1.523
02.04.20,10:25:18,1414,0.101,0.056,0.844,0.066,0.08,0.144,0.048,59.7,1296.850948,183.4481033,PB3,1.523
02.04.20,10:25:48,1689,0.079,0.067,0.854,0.078,0.093,0.113,0.037,56.1,1549.067363,171.3954086,PB3,1.523
02.04.20,10:26:18,1995,0.063,0.079,0.858,0.092,0.108,0.09,0.029,52.6,1829.715447,161.4454806,PB3,1.523
02.04.20,10:26:29,nan,nan,nan,nan,nan,nan,nan,nan,nan,nan,nan,PB3,1.523
02.04.20,9:04:10,nan,nan,nan,nan,nan,nan,nan,nan,nan,nan,nan,PB4,1.356
02.04.20,9:04:11,nan,nan,nan,nan,nan,nan,nan,nan,nan,nan,nan,PB4,1.356
02.04.20,9:04:10,0,nan,nan,nan,nan,nan,nan,nan,nan,0,nan,PB4,1.356
02.04.20,9:04:10,0,0.728,0,0.272,0,0,1,1,0,0,0,PB4,1.356
02.04.20,9:04:30,1,0.704,0.007,0.288,0.025,0.031,0.975,0.914,0.3,0.8165832,0.789662875,PB4,1.356
02.04.20,9:05:00,2,0.709,0.004,0.287,0.014,0.017,0.978,0.925,0.6,1.6331664,1.590542552,PB4,1.356
02.04.20,9:05:30,11,0.687,0.005,0.309,0.015,0.019,0.948,0.833,3.2,8.9824152,8.476537421,PB4,1.356
02.04.20,9:06:00,31,0.628,0.008,0.364,0.021,0.026,0.869,0.646,8.2,25.3140792,21.83687052,PB4,1.356
02.04.20,9:06:30,55,0.57,0.015,0.415,0.037,0.046,0.791,0.514,13.2,44.912076,35.16467489,PB4,1.356
02.04.20,9:07:00,80,0.534,0.026,0.441,0.058,0.069,0.745,0.454,17.9,65.326656,47.91817899,PB4,1.356
02.04.20,9:07:30,114,0.507,0.038,0.455,0.084,0.098,0.713,0.418,24.3,93.0904848,64.83087334,PB4,1.356
02.04.20,9:08:00,150,0.498,0.05,0.452,0.109,0.125,0.705,0.412,31.4,122.48748,83.78951242,PB4,1.356
02.04.20,9:08:30,195,0.488,0.062,0.45,0.138,0.153,0.696,0.407,40,159.233724,106.7390897,PB4,1.356
02.04.20,9:09:00,260,0.479,0.075,0.447,0.167,0.18,0.688,0.401,52.3,212.311632,139.6940546,PB4,1.356
02.04.20,9:09:30,345,0.461,0.085,0.454,0.188,0.199,0.666,0.381,66.8,281.721204,178.3976306,PB4,1.356
02.04.20,9:10:00,440,0.428,0.096,0.476,0.201,0.211,0.621,0.337,79.1,359.296608,211.234819,PB4,1.356
02.04.20,9:10:30,556,0.384,0.106,0.51,0.208,0.216,0.558,0.282,89.7,454.0202592,239.4832136,PB4,1.356
02.04.20,9:11:00,690,0.335,0.117,0.549,0.213,0.22,0.487,0.228,97,563.442408,259.2763828,PB4,1.356
02.04.20,9:11:30,844,0.286,0.127,0.587,0.216,0.223,0.416,0.182,101.3,689.1962208,270.7556582,PB4,1.356
02.04.20,9:12:00,1007,0.244,0.135,0.621,0.218,0.225,0.355,0.147,103.3,822.2992824,275.6058034,PB4,1.356
02.04.20,9:12:30,1207,0.204,0.143,0.653,0.219,0.226,0.297,0.117,103.2,985.6159224,276.1890772,PB4,1.356
02.04.20,9:13:00,1414,0.171,0.151,0.678,0.222,0.229,0.249,0.094,101.5,1154.648645,271.2155471,PB4,1.356
02.04.20,9:13:30,1689,0.138,0.16,0.702,0.228,0.233,0.202,0.074,98.1,1379.209025,261.443469,PB4,1.356
02.04.20,9:14:00,1995,0.111,0.169,0.719,0.235,0.239,0.163,0.058,93.3,1629.083484,248.3904763,PB4,1.356
02.04.20,9:14:12,nan,nan,nan,nan,nan,nan,nan,nan,nan,nan,nan,PB4,1.356
02.04.20,9:18:28,nan,nan,nan,nan,nan,nan,nan,nan,nan,nan,nan,PB6,1.398
02.04.20,9:18:29,nan,nan,nan,nan,nan,nan,nan,nan,nan,nan,nan,PB6,1.398
02.04.20,9:18:28,0,nan,nan,nan,nan,nan,nan,nan,nan,0,nan,PB6,1.398
02.04.20,9:18:28,0,0.712,0,0.288,0,0,1,1,0,0,0,PB6,1.398
02.04.20,9:18:48,1,0.694,0.005,0.301,0.017,0.021,0.979,0.933,0.3,0.8418756,0.820592228,PB6,1.398
02.04.20,9:19:18,2,0.695,0,0.304,0.003,0.004,0.977,0.924,0.6,1.6837512,1.643549275,PB6,1.398
02.04.20,9:19:48,11,0.667,0,0.333,0,0,0.936,0.808,3.1,9.2606316,8.675338872,PB6,1.398
02.04.20,9:20:18,31,0.581,0.002,0.417,0.005,0.006,0.817,0.563,7.6,26.0981436,21.29637842,PB6,1.398
02.04.20,9:20:48,55,0.53,0.01,0.461,0.021,0.026,0.748,0.464,12.2,46.303158,34.4672384,PB6,1.398
02.04.20,9:21:18,80,0.508,0.019,0.472,0.041,0.05,0.722,0.435,17.1,67.350048,48.05312413,PB6,1.398
02.04.20,9:21:48,114,0.495,0.03,0.474,0.064,0.077,0.708,0.422,23.7,95.9738184,66.72337094,PB6,1.398
02.04.20,9:22:18,150,0.49,0.04,0.469,0.086,0.101,0.706,0.422,30.9,126.28134,86.90710197,PB6,1.398
02.04.20,9:22:48,195,0.485,0.049,0.466,0.104,0.121,0.702,0.421,39.7,164.165742,111.8263832,PB6,1.398
02.04.20,9:23:18,260,0.469,0.057,0.474,0.121,0.138,0.681,0.399,51.2,218.887656,144.1830206,PB6,1.398
02.04.20,9:23:48,345,0.433,0.066,0.501,0.132,0.149,0.631,0.349,62.7,290.447082,176.6342507,PB6,1.398
02.04.20,9:24:18,440,0.387,0.074,0.539,0.138,0.154,0.565,0.29,71.5,370.425264,201.3406983,PB6,1.398
02.04.20,9:24:49,556,0.336,0.082,0.582,0.141,0.158,0.491,0.233,78.5,468.0828336,220.8930226,PB6,1.398
02.04.20,9:25:19,690,0.286,0.088,0.626,0.14,0.157,0.418,0.184,82.9,580.894164,233.3367007,PB6,1.398
02.04.20,9:25:49,844,0.241,0.094,0.666,0.141,0.158,0.352,0.146,85.3,710.5430064,240.5068322,PB6,1.398
02.04.20,9:26:18,1007,0.202,0.1,0.698,0.143,0.16,0.295,0.117,85.5,847.7687292,240.5186563,PB6,1.398
02.04.20,9:26:49,1207,0.167,0.107,0.726,0.147,0.163,0.245,0.093,84.7,1016.143849,238.3371107,PB6,1.398
02.04.20,9:27:19,1414,0.139,0.113,0.748,0.151,0.168,0.203,0.075,82.3,1190.412098,232.3978675,PB6,1.398
02.04.20,9:27:49,1689,0.111,0.122,0.767,0.159,0.175,0.163,0.058,78.7,1421.927888,221.6769601,PB6,1.398
02.04.20,9:28:19,1995,0.089,0.132,0.779,0.17,0.185,0.131,0.046,74.4,1679.541822,209.9427278,PB6,1.398
02.04.20,9:28:30,nan,nan,nan,nan,nan,nan,nan,nan,nan,nan,nan,PB6,1.398
02.04.20,9:46:47,nan,nan,nan,nan,nan,nan,nan,nan,nan,nan,nan,PB7,1.421
02.04.20,9:46:48,nan,nan,nan,nan,nan,nan,nan,nan,nan,nan,nan,PB7,1.421
02.04.20,9:46:47,0,nan,nan,nan,nan,nan,nan,nan,nan,0,nan,PB7,1.421
02.04.20,9:46:47,0,0.71,0,0.29,0,0,1,1,0,0,0,PB7,1.421
02.04.20,9:47:07,1,0.69,0.006,0.305,0.019,0.024,0.976,0.923,0.3,0.8557262,0.831621237,PB7,1.421
02.04.20,9:47:37,2,0.69,0,0.309,0.001,0.001,0.972,0.91,0.6,1.7114524,1.663242473,PB7,1.421
02.04.20,9:48:07,11,0.666,0,0.334,0,0,0.937,0.812,3.1,9.4129882,8.829648086,PB7,1.421
02.04.20,9:48:37,31,0.602,0,0.397,0.001,0.001,0.848,0.618,7.8,26.5275122,22.49234133,PB7,1.421
02.04.20,9:49:07,55,0.563,0.007,0.431,0.016,0.02,0.796,0.533,13,47.064941,37.32050955,PB7,1.421
02.04.20,9:49:37,80,0.538,0.016,0.446,0.036,0.044,0.765,0.491,18.1,68.458096,51.87388119,PB7,1.421
02.04.20,9:50:08,114,0.516,0.026,0.457,0.058,0.07,0.739,0.46,24.7,97.5527868,70.89751829,PB7,1.421
02.04.20,9:50:37,150,0.507,0.036,0.457,0.079,0.094,0.729,0.452,31.9,128.35893,91.65912325,PB7,1.421
02.04.20,9:51:07,195,0.497,0.044,0.459,0.096,0.113,0.719,0.441,40.7,166.866609,116.8066263,PB7,1.421
02.04.20,9:51:37,260,0.476,0.051,0.473,0.109,0.126,0.691,0.411,52,222.488812,149.1615134,PB7,1.421
02.04.20,9:52:08,345,0.438,0.058,0.504,0.115,0.132,0.637,0.354,63.5,295.225539,182.1250508,PB7,1.421
02.04.20,9:52:37,440,0.391,0.064,0.545,0.117,0.134,0.569,0.292,72.3,376.519528,207.350895,PB7,1.421
02.04.20,9:53:08,556,0.339,0.07,0.591,0.118,0.135,0.494,0.234,79.2,475.7837672,227.1699959,PB7,1.421
02.04.20,9:53:38,690,0.288,0.074,0.638,0.116,0.133,0.419,0.184,83.4,590.451078,239.5069161,PB7,1.421
02.04.20,9:54:08,844,0.241,0.078,0.681,0.114,0.131,0.351,0.144,85.5,722.2329128,245.1522986,PB7,1.421
02.04.20,9:54:38,1007,0.203,0.083,0.714,0.116,0.133,0.295,0.116,85.7,861.7162834,246.378036,PB7,1.421
02.04.20,9:55:08,1207,0.167,0.087,0.746,0.117,0.134,0.243,0.091,84.8,1032.861523,242.9406682,PB7,1.421
02.04.20,9:55:38,1414,0.139,0.093,0.768,0.122,0.139,0.202,0.074,82.3,1209.996847,236.8867066,PB7,1.421
02.04.20,9:56:08,1689,0.111,0.101,0.788,0.128,0.145,0.163,0.058,79,1445.321552,225.9587215,PB7,1.421
02.04.20,9:56:38,1995,0.088,0.111,0.801,0.139,0.156,0.129,0.045,73.9,1707.173769,211.5933686,PB7,1.421
02.04.20,9:56:49,nan,nan,nan,nan,nan,nan,nan,nan,nan,nan,nan,PB7,1.421
02.04.20,10:31:44,nan,nan,nan,nan,nan,nan,nan,nan,nan,nan,nan,PB8,1.448
02.04.20,10:31:45,nan,nan,nan,nan,nan,nan,nan,nan,nan,nan,nan,PB8,1.448
02.04.20,10:31:44,0,nan,nan,nan,nan,nan,nan,nan,nan,0,nan,PB8,1.448
02.04.20,10:31:44,0,0.713,0,0.287,0,0,1,1,0,0,0,PB8,1.448
02.04.20,10:32:04,1,0.69,0.008,0.302,0.027,0.034,0.974,0.917,0.3,0.8719856,0.843857032,PB8,1.448
02.04.20,10:32:34,2,0.69,0.003,0.307,0.008,0.01,0.97,0.903,0.6,1.7439712,1.687714065,PB8,1.448
02.04.20,10:33:04,11,0.666,0.003,0.331,0.008,0.01,0.936,0.808,3.1,9.5918416,8.959560316,PB8,1.448
02.04.20,10:33:34,31,0.592,0.003,0.405,0.008,0.01,0.831,0.587,7.7,27.0315536,22.4441511,PB8,1.448
02.04.20,10:34:04,55,0.558,0.009,0.432,0.022,0.027,0.788,0.519,12.9,47.959208,37.53329322,PB8,1.448
02.04.20,10:34:34,80,0.536,0.016,0.448,0.035,0.044,0.76,0.482,18,69.758848,52.44143412,PB8,1.448
02.04.20,10:35:04,114,0.517,0.024,0.459,0.051,0.062,0.736,0.453,24.8,99.4063584,72.08006633,PB8,1.448
02.04.20,10:35:34,150,0.507,0.03,0.463,0.064,0.078,0.723,0.439,31.9,130.79784,93.00772073,PB8,1.448
02.04.20,10:36:04,195,0.495,0.036,0.469,0.077,0.091,0.71,0.425,40.6,170.037192,118.0482609,PB8,1.448
02.04.20,10:36:34,260,0.475,0.041,0.484,0.084,0.099,0.682,0.394,51.9,226.716256,151.038179,PB8,1.448
02.04.20,10:37:04,345,0.438,0.045,0.517,0.088,0.103,0.63,0.341,63.5,300.835032,184.8046901,PB8,1.448
02.04.20,10:37:34,440,0.392,0.048,0.56,0.086,0.101,0.563,0.282,72.5,383.673664,210.9397984,PB8,1.448
02.04.20,10:38:04,556,0.341,0.052,0.607,0.085,0.1,0.49,0.226,79.7,484.8239936,231.8723448,PB8,1.448
02.04.20,10:38:34,690,0.29,0.055,0.655,0.084,0.099,0.416,0.178,84,601.670064,244.7185394,PB8,1.448
02.04.20,10:39:04,844,0.244,0.058,0.699,0.083,0.098,0.35,0.14,86.4,735.9558464,251.8558577,PB8,1.448
02.04.20,10:39:34,1007,0.206,0.062,0.732,0.085,0.1,0.295,0.113,87,878.0894992,253.6976674,PB8,1.448
02.04.20,10:40:04,1207,0.17,0.066,0.764,0.087,0.102,0.244,0.089,86.2,1052.486619,250.9435137,PB8,1.448
02.04.20,10:40:34,1414,0.141,0.072,0.787,0.092,0.108,0.203,0.072,83.6,1232.987638,243.830655,PB8,1.448
02.04.20,10:41:04,1689,0.114,0.079,0.807,0.099,0.115,0.164,0.057,80.8,1472.783678,235.4801393,PB8,1.448
02.04.20,10:41:34,1995,0.091,0.089,0.821,0.108,0.125,0.131,0.044,75.9,1739.611272,222.0261231,PB8,1.448
02.04.20,10:41:46,nan,nan,nan,nan,nan,nan,nan,nan,nan,nan,nan,PB8,1.448
02.04.20,10:46:23,nan,nan,nan,nan,nan,nan,nan,nan,nan,nan,nan,PB9,1.428
02.04.20,10:46:24,nan,nan,nan,nan,nan,nan,nan,nan,nan,nan,nan,PB9,1.428
02.04.20,10:46:23,0,nan,nan,nan,nan,nan,nan,nan,nan,0,nan,PB9,1.428
02.04.20,10:46:23,0,0.715,0,0.285,0,0,1,1,0,0,0,PB9,1.428
02.04.20,10:46:43,1,0.689,0.007,0.304,0.024,0.03,0.97,0.903,0.3,0.8599416,0.828670996,PB9,1.428
02.04.20,10:47:13,2,0.693,0,0.306,0.002,0.002,0.97,0.902,0.6,1.7198832,1.666963717,PB9,1.428
02.04.20,10:47:43,11,0.669,0.004,0.327,0.011,0.014,0.939,0.815,3.1,9.4593576,8.850783545,PB9,1.428
02.04.20,10:48:13,31,0.574,0.002,0.424,0.005,0.006,0.803,0.539,7.5,26.6581896,21.40112004,PB9,1.428
02.04.20,10:48:43,55,0.529,0.01,0.461,0.022,0.027,0.744,0.457,12.2,47.296788,34.99300818,PB9,1.428
02.04.20,10:49:13,80,0.507,0.02,0.474,0.042,0.051,0.717,0.425,17,68.795328,48.78214167,PB9,1.428
02.04.20,10:49:43,114,0.487,0.031,0.482,0.064,0.078,0.693,0.402,23.3,98.0333424,66.77236049,PB9,1.428
02.04.20,10:50:13,150,0.48,0.041,0.479,0.086,0.101,0.687,0.398,30.2,128.99124,86.59551776,PB9,1.428
02.04.20,10:50:43,195,0.473,0.05,0.477,0.106,0.122,0.681,0.395,38.7,167.688612,110.9324664,PB9,1.428
02.04.20,10:51:13,260,0.463,0.058,0.479,0.122,0.138,0.669,0.384,50.5,223.584816,144.7828948,PB9,1.428
02.04.20,10:51:43,345,0.442,0.066,0.492,0.135,0.152,0.641,0.357,64,296.679852,183.4020903,PB9,1.428
02.04.20,10:52:13,440,0.407,0.073,0.52,0.14,0.156,0.591,0.311,75.2,378.374304,215.3822961,PB9,1.428
02.04.20,10:52:43,556,0.362,0.079,0.559,0.141,0.158,0.526,0.257,84.5,478.1275296,242.072959,PB9,1.428
02.04.20,10:53:13,690,0.313,0.084,0.603,0.138,0.155,0.455,0.206,90.7,593.359704,259.7504718,PB9,1.428
02.04.20,10:53:43,844,0.267,0.087,0.647,0.134,0.15,0.387,0.164,94.5,725.7907104,271.029538,PB9,1.428
02.04.20,10:54:14,1007,0.227,0.089,0.684,0.131,0.147,0.329,0.132,95.8,865.9611912,274.927539,PB9,1.428
02.04.20,10:54:44,1207,0.189,0.092,0.719,0.128,0.145,0.273,0.104,95.6,1037.949511,274.3670736,PB9,1.428
02.04.20,10:55:13,1414,0.157,0.096,0.746,0.129,0.146,0.228,0.084,93.5,1215.957422,267.000441,PB9,1.428
02.04.20,10:55:43,1689,0.127,0.102,0.772,0.132,0.148,0.184,0.065,90,1452.441362,257.9860881,PB9,1.428
02.04.20,10:56:13,1995,0.102,0.108,0.79,0.136,0.153,0.148,0.051,85.4,1715.583492,244.7405821,PB9,1.428
02.04.20,10:56:25,nan,nan,nan,nan,nan,nan,nan,nan,nan,nan,nan,PB9,1.428
02.04.20,10:01:14,nan,nan,nan,nan,nan,nan,nan,nan,nan,nan,nan,PB10,1.419
02.04.20,10:01:15,nan,nan,nan,nan,nan,nan,nan,nan,nan,nan,nan,PB10,1.419
02.04.20,10:01:14,0,nan,nan,nan,nan,nan,nan,nan,nan,0,nan,PB10,1.419
02.04.20,10:01:14,0,0.722,0,0.278,0,0,1,1,0,0,0,PB10,1.419
02.04.20,10:01:35,1,0.692,0.009,0.299,0.029,0.036,0.967,0.893,0.3,0.8545218,0.819015354,PB10,1.419
02.04.20,10:02:05,2,0.696,0.002,0.302,0.007,0.009,0.967,0.89,0.6,1.7090436,1.647499094,PB10,1.419
02.04.20,10:02:35,11,0.671,0.003,0.326,0.009,0.012,0.933,0.795,3.1,9.3997398,8.73576926,PB10,1.419
02.04.20,10:03:05,31,0.58,0.003,0.418,0.006,0.008,0.805,0.535,7.6,26.4901758,21.28019663,PB10,1.419
02.04.20,10:03:35,55,0.53,0.009,0.461,0.02,0.025,0.738,0.443,12.2,46.998699,34.50043001,PB10,1.419
02.04.20,10:04:05,80,0.504,0.018,0.478,0.037,0.045,0.706,0.407,16.9,68.361744,47.7206634,PB10,1.419
02.04.20,10:04:35,114,0.485,0.029,0.486,0.06,0.073,0.683,0.384,23.2,97.4154852,65.43837995,PB10,1.419
02.04.20,10:05:05,150,0.478,0.041,0.482,0.084,0.099,0.677,0.382,30.1,128.17827,84.8604059,PB10,1.419
02.04.20,10:05:35,195,0.473,0.051,0.476,0.107,0.123,0.675,0.383,38.7,166.631751,109.1645682,PB10,1.419
02.04.20,10:06:05,260,0.465,0.061,0.473,0.129,0.145,0.668,0.379,50.8,222.175668,143.0909773,PB10,1.419
02.04.20,10:06:35,345,0.447,0.071,0.482,0.147,0.162,0.645,0.357,64.8,294.810021,182.5208856,PB10,1.419
02.04.20,10:07:05,440,0.415,0.08,0.505,0.158,0.173,0.6,0.317,76.7,375.989592,216.1159012,PB10,1.419
02.04.20,10:07:35,556,0.37,0.088,0.541,0.163,0.178,0.536,0.264,86.5,475.1141208,243.4795356,PB10,1.419
02.04.20,10:08:05,690,0.322,0.096,0.581,0.165,0.18,0.467,0.214,93.4,589.620042,262.960739,PB10,1.419
02.04.20,10:08:35,844,0.275,0.103,0.622,0.165,0.18,0.399,0.171,97.7,721.2163992,274.7015371,PB10,1.419
02.04.20,10:09:05,1007,0.235,0.108,0.657,0.165,0.179,0.34,0.138,99.3,860.5034526,280.0807637,PB10,1.419
02.04.20,10:09:35,1207,0.195,0.115,0.69,0.166,0.18,0.283,0.109,98.9,1031.407813,278.565822,PB10,1.419
02.04.20,10:10:05,1414,0.164,0.12,0.716,0.168,0.182,0.238,0.088,97.4,1208.293825,274.4600933,PB10,1.419
02.04.20,10:10:35,1689,0.133,0.127,0.74,0.172,0.185,0.193,0.069,94.1,1443.28732,265.8687169,PB10,1.419
02.04.20,10:11:05,1995,0.107,0.135,0.758,0.179,0.192,0.155,0.054,89.4,1704.770991,252.6461164,PB10,1.419
02.04.20,10:11:17,nan,nan,nan,nan,nan,nan,nan,nan,nan,nan,nan,PB10,1.419
