Wavelength,RGB,RB,White
400.067,18.95,16.25,21.27
400.427,17.38,15.97,20.98
400.787,17.52,17.11,21.7
401.146,18.52,15.97,21.41
401.506,19.38,15.54,22.7
401.866,19.52,16.83,24.56
402.225,19.24,17.11,25.41
402.585,19.67,18.11,25.84
402.944,19.95,16.54,25.84
403.304,21.95,15.97,27.13
403.663,18.81,15.68,25.84
404.022,19.38,16.83,29.56
404.382,18.52,16.97,29.27
404.741,18.95,16.83,31.7
405.1,18.67,17.11,32.13
405.46,19.81,16.68,37.13
405.819,20.38,17.11,45.27
406.178,20.95,15.97,41.41
406.537,20.67,16.97,45.98
406.897,20.81,17.4,47.84
407.256,20.24,16.83,51.13
407.615,24.67,18.97,59.27
407.974,23.1,18.97,60.7
408.333,22.95,20.25,66.7
408.692,22.81,18.83,70.98
409.051,22.1,18.11,75.41
409.41,22.1,18.11,80.13
409.768,22.52,18.25,89.56
410.127,23.52,19.54,94.7
410.486,22.67,19.97,103.56
410.845,22.1,21.25,109.27
411.204,25.1,21.25,118.41
411.562,25.38,21.54,130.41
411.921,24.38,21.25,136.98
412.28,26.1,20.97,146.84
412.638,26.67,23.68,159.56
412.997,26.81,24.4,172.41
413.355,25.95,25.4,180.56
413.714,27.67,26.4,187.41
414.072,27.52,27.97,203.27
414.431,27.1,29.11,212.84
414.789,28.1,30.25,227.7
415.148,29.81,29.54,243.27
415.506,31.38,29.83,248.7
415.864,31.67,32.68,279.84
416.222,31.24,35.25,294.7
416.581,30.95,37.11,303.27
416.939,31.1,36.83,326.27
417.297,31.52,37.97,340.84
417.655,34.24,39.54,348.98
418.013,32.95,41.97,373.56
418.371,34.1,45.68,385.7
418.729,35.67,47.4,417.7
419.087,35.52,48.54,424.98
419.445,34.95,51.97,450.56
419.803,38.95,57.4,474.13
420.161,39.81,59.54,498.27
420.519,39.67,58.54,509.27
420.877,42.52,63.68,539.98
421.235,41.81,68.4,559.56
421.592,41.38,70.83,563.98
421.95,45.1,77.54,607.84
422.308,45.52,79.11,621.13
422.665,48.24,82.83,646.27
423.023,48.38,88.11,668.84
423.381,51.1,94.83,713.98
423.738,52.81,101.11,734.84
424.096,57.24,105.68,756.41
424.453,57.67,109.68,768.27
424.811,57.52,114.11,800.98
425.168,62.95,125.68,822.27
425.526,62.95,134.83,853.56
425.883,66.1,143.97,889.7
426.24,70.95,147.54,892.13
426.597,70.81,159.97,922.13
426.955,76.52,172.11,954.98
427.312,75.38,175.68,966.56
427.669,75.81,183.25,967.41
428.026,84.95,198.4,1021.7
428.383,86.81,207.11,1030.7
428.74,89.95,220.25,1029.56
429.097,91.95,231.83,1046.98
429.454,99.24,246.83,1078.84
429.811,102.38,268.25,1108.7
430.168,106.67,276.83,1106.7
430.525,112.24,292.68,1123.84
430.882,116.52,307.97,1145.84
431.239,122.38,336.11,1177.56
431.596,124.95,340.54,1158.41
431.953,132.52,362.83,1191.13
432.309,143.95,400.97,1245.27
432.666,146.67,417.4,1242.41
433.023,153.24,443.68,1256.98
433.379,157.95,451.25,1235.56
433.736,170.81,492.54,1260.98
434.092,177.67,513.25,1254.7
434.449,189.1,558.54,1306.27
434.805,202.95,590.97,1302.56
435.162,208.24,616.83,1293.56
435.518,221.24,653.68,1299.41
435.875,233.95,710.83,1328.13
436.231,237.24,715.4,1268.27
436.587,255.81,778.68,1299.41
436.944,262.67,804.68,1278.84
437.3,273.38,857.4,1279.98
437.656,294.52,911.97,1286.27
438.012,304.1,967.4,1275.98
438.368,329.52,1041.25,1301.56
438.725,338.52,1068.54,1261.7
439.081,346.38,1128.83,1234.56
439.437,367.67,1192.97,1238.27
439.793,383.38,1253.4,1207.7
440.149,407.81,1328.4,1208.84
440.505,430.95,1441.83,1217.41
440.861,442.1,1461.83,1153.41
441.216,473.81,1600.68,1178.7
441.572,481.95,1616.97,1117.98
441.928,503.67,1718.54,1102.56
442.284,507.52,1719.83,1032.98
442.639,544.24,1866.4,1035.13
442.995,572.24,1945.68,1008.13
443.351,600.52,2050.4,991.98
443.706,643.38,2183.4,975.7
444.062,661.95,2296.4,948.41
444.418,699.38,2423.68,929.56
444.773,709.24,2432.68,870.84
445.129,741.67,2559.54,847.27
445.484,775.24,2651.4,814.13
445.839,785.81,2717.68,776.98
446.195,855.95,2893.97,773.7
446.55,899.38,3045.4,751.27
446.905,892.95,2990.97,691.56
447.261,941.24,3143.11,679.13
447.616,978.67,3220.97,644.98
447.971,1001.52,3259.97,605.56
448.326,1063.67,3385.83,592.13
448.681,1096.24,3434.97,566.13
449.037,1166.95,3600.4,552.13
449.392,1186.52,3598.68,512.98
449.747,1198.95,3550.97,480.84
450.102,1253.95,3626.54,459.7
450.457,1341.38,3767.97,463.13
450.811,1346.24,3706.83,429.7
451.166,1389.38,3711.68,406.27
451.521,1488.95,3835.25,405.41
451.876,1518.95,3794.83,386.98
452.231,1565.81,3796.4,365.13
452.586,1623.38,3776.54,355.98
452.94,1652.81,3651.83,336.84
453.295,1737.38,3669.68,328.41
453.65,1757.67,3578.68,309.13
454.004,1834.1,3554.11,299.41
454.359,1883.24,3470.4,285.56
454.713,1977.81,3488.11,278.41
455.068,2045.1,3401.25,268.7
455.422,2052.1,3255.97,254.13
455.777,2163.38,3249.4,252.27
456.131,2195.24,3107.25,239.84
456.485,2280.81,3042.83,231.7
456.84,2359.95,2966.54,226.56
457.194,2408.52,2860.97,217.13
457.548,2480.38,2776.54,208.84
457.902,2540.24,2663.4,204.27
458.257,2632.52,2598.97,196.27
458.611,2777.52,2572.83,196.13
458.965,2822.95,2486.68,191.56
459.319,2827.1,2340.54,182.7
459.673,2918.95,2279.4,175.98
460.027,2991.67,2196.68,173.7
460.381,3060.38,2139.11,164.56
460.735,3103.67,2041.54,164.27
461.089,3185.67,1984.83,156.84
461.442,3236.95,1920.4,152.13
461.796,3294.67,1864.68,150.84
462.15,3371.38,1808.68,147.98
462.504,3495.1,1791.83,142.41
462.857,3512.52,1721.83,140.84
463.211,3534.38,1659.54,135.27
463.565,3629.24,1633.4,131.84
463.918,3654.38,1588.25,126.84
464.272,3681.67,1530.25,122.84
464.625,3675.52,1476.4,123.13
464.979,3732.81,1462.4,121.41
465.332,3780.95,1426.97,118.7
465.686,3754.1,1377.97,120.56
466.039,3816.81,1352.97,113.27
466.393,3819.81,1332.54,110.98
466.746,3871.95,1303.97,109.13
467.099,3797.67,1249.54,103.41
467.452,3770.81,1206.83,109.27
467.806,3790.38,1186.11,99.56
468.159,3762.1,1148.68,98.27
468.512,3783.52,1133.97,99.7
468.865,3736.24,1094.68,97.27
469.218,3723.24,1067.11,94.98
469.571,3684.67,1039.97,94.41
469.924,3638.24,1008.68,90.27
470.277,3607.67,982.83,90.7
470.63,3545.1,940.11,90.27
470.983,3516.95,921.4,90.41
471.336,3488.52,907.54,88.98
471.688,3465.52,868.83,91.41
472.041,3425.24,852.4,87.98
472.394,3298.1,806.11,87.7
472.747,3288.67,784.4,85.98
473.099,3208.52,750.68,84.98
473.452,3178.38,731.4,85.7
473.804,3115.38,705.97,84.41
474.157,3050.81,681.97,84.56
474.509,3009.67,658.97,82.41
474.862,3003.52,651.11,82.56
475.214,2886.52,609.11,81.98
475.567,2843.95,592.4,81.41
475.919,2782.38,568.4,80.84
476.271,2760.1,551.97,80.98
476.624,2668.95,530.83,79.27
476.976,2673.24,514.83,82.7
477.328,2644.52,502.68,81.7
477.68,2553.38,482.11,81.98
478.032,2516.1,464.4,81.98
478.385,2488.81,452.54,81.27
478.737,2429.24,437.25,81.98
479.089,2393.81,417.83,80.41
479.441,2342.52,405.4,80.98
479.793,2331.81,397.54,84.98
480.145,2279.38,386.97,81.7
480.496,2253.52,370.83,79.84
480.848,2226.24,361.83,84.41
481.2,2191.24,350.97,82.56
481.552,2161.67,338.68,84.56
481.904,2110.95,326.25,81.84
482.255,2091.38,321.11,88.27
482.607,2058.81,312.11,87.41
482.959,2023.81,296.83,91.41
483.31,2018.1,292.11,88.41
483.662,1968.1,281.83,92.98
484.013,1952.1,271.25,94.98
484.365,1931.24,265.83,94.41
484.716,1911.95,257.11,96.41
485.068,1881.52,251.25,102.41
485.419,1848.52,237.25,98.98
485.77,1844.1,233.25,103.84
486.122,1812.81,227.97,106.98
486.473,1800.1,222.54,106.7
486.824,1776.52,215.54,108.98
487.175,1755.67,209.25,114.98
487.526,1738.1,201.11,114.41
487.878,1722.24,191.25,116.27
488.229,1731.95,187.54,120.13
488.58,1708.1,180.4,124.7
488.931,1694.81,173.25,131.41
489.282,1686.38,171.11,129.13
489.633,1683.24,161.11,137.13
489.983,1675.1,159.25,139.84
490.334,1669.67,153.83,146.56
490.685,1663.52,150.4,148.27
491.036,1659.24,140.25,154.41
491.387,1669.1,141.68,159.41
491.737,1664.38,132.97,164.98
492.088,1665.95,129.4,171.98
492.439,1663.1,125.97,177.13
492.789,1678.95,122.11,181.13
493.14,1666.24,115.97,187.56
493.49,1704.1,111.4,194.41
493.841,1690.81,109.68,202.84
494.191,1709.67,105.4,212.27
494.542,1726.1,103.97,219.27
494.892,1721.95,98.68,223.7
495.242,1735.24,95.11,230.98
495.592,1754.52,91.54,241.27
495.943,1766.95,89.68,247.98
496.293,1785.38,85.97,257.84
496.643,1804.67,80.83,263.13
496.993,1812.38,81.11,278.13
497.343,1855.67,78.83,284.27
497.693,1868.52,77.83,294.84
498.043,1888.52,75.25,303.27
498.393,1930.24,73.4,319.98
498.743,1951.38,71.83,327.27
499.093,1958.24,69.11,342.41
499.443,1989.38,67.25,350.84
499.793,2008.81,66.54,362.84
500.143,2029.38,62.68,376.56
500.493,2051.81,63.54,385.56
500.842,2084.67,59.54,405.13
501.192,2126.24,58.4,422.41
501.542,2135.24,56.68,422.7
501.891,2174.1,55.4,440.56
502.241,2199.1,55.54,455.98
502.59,2219.38,52.54,467.41
502.94,2268.1,52.83,488.56
503.289,2297.24,51.4,501.27
503.639,2298.81,48.97,520.41
503.988,2352.1,48.68,537.41
504.337,2383.81,51.11,559.56
504.687,2403.95,46.25,568.56
505.036,2434.38,46.25,585.13
505.385,2445.52,45.83,599.13
505.734,2484.67,43.54,623.56
506.084,2505.38,44.4,645.98
506.433,2519.52,43.83,656.7
506.782,2564.67,41.97,686.7
507.131,2580.1,39.97,703.7
507.48,2600.24,39.68,724.27
507.829,2622.1,39.97,740.27
508.178,2624.52,37.54,763.56
508.527,2652.52,36.4,780.56
508.875,2672.67,37.25,814.27
509.224,2697.67,37.68,839.41
509.573,2697.67,35.97,855.27
509.922,2703.38,34.68,874.7
510.27,2716.24,34.4,900.27
510.619,2716.38,34.25,926.7
510.968,2742.67,33.97,959.13
511.316,2730.95,32.25,979.13
511.665,2735.38,32.54,1000.13
512.013,2720.24,31.4,1027.56
512.362,2710.95,29.83,1047.7
512.71,2718.38,28.83,1085.98
513.059,2706.95,29.68,1105.13
513.407,2714.81,27.83,1138.27
513.755,2700.52,30.83,1158.84
514.104,2674.1,27.54,1190.7
514.452,2668.67,28.54,1219.13
514.8,2650.24,26.83,1251.13
515.148,2626.95,28.11,1274.13
515.496,2628.95,28.25,1308.98
515.844,2597.95,27.68,1325.84
516.192,2566.81,28.11,1367.41
516.54,2541.1,26.83,1385.41
516.888,2514.81,25.83,1412.41
517.236,2484.38,25.83,1438.84
517.584,2470.81,25.97,1479.56
517.932,2435.81,24.68,1501.7
518.28,2404.81,24.4,1528.13
518.628,2376.24,24.97,1564.98
518.975,2345.52,23.68,1585.27
519.323,2296.1,25.68,1614.41
519.671,2268.52,23.97,1653.84
520.018,2235.24,25.4,1667.27
520.366,2184.95,23.4,1700.27
520.714,2158.38,23.25,1729.7
521.061,2143.67,22.83,1767.13
521.408,2101.38,22.25,1789.41
521.756,2051.38,21.54,1803.56
522.103,2022.81,23.54,1852.98
522.451,1985.95,22.25,1873.84
522.798,1950.95,20.11,1898.98
523.145,1896.38,23.11,1914.84
523.492,1859.81,21.97,1930.98
523.84,1834.52,22.68,1964.98
524.187,1793.24,22.83,1996.13
524.534,1767.52,21.68,2018.13
524.881,1719.67,21.54,2044.84
525.228,1687.95,20.97,2069.41
525.575,1642.52,21.11,2080.7
525.922,1613.67,20.68,2115.27
526.269,1577.52,20.11,2133.41
526.616,1550.24,20.83,2165.56
526.963,1512.52,20.83,2172.56
527.309,1489.24,18.54,2196.27
527.656,1451.1,20.4,2211.84
528.003,1421.24,19.54,2241.56
528.35,1386.24,19.68,2255.41
528.696,1345.95,20.4,2280.13
529.043,1318.67,19.68,2293.41
529.389,1299.52,18.68,2317.56
529.736,1268.95,17.97,2340.98
530.082,1246.38,19.83,2362.84
530.429,1220.24,19.25,2382.7
530.775,1185.52,18.68,2408.41
531.122,1166.24,17.83,2432.98
531.468,1138.1,20.25,2454.84
531.814,1117.81,19.25,2477.84
532.161,1074.24,19.83,2491.98
532.507,1054.24,17.68,2507.7
532.853,1031.1,18.11,2519.98
533.199,1010.52,18.4,2543.27
533.545,988.67,18.4,2561.13
533.891,957.81,18.54,2557.27
534.237,940.95,19.54,2613.41
534.583,923.24,19.11,2626.56
534.929,880.81,18.54,2611.41
535.275,873.1,17.68,2647.7
535.621,854.81,18.4,2668.98
535.967,836.95,19.25,2705.84
536.313,812.24,18.4,2715.84
536.658,792.52,18.25,2746.13
537.004,771.81,18.97,2739.13
537.35,752.52,17.25,2762.41
537.695,740.24,16.97,2786.84
538.041,721.52,17.83,2815.7
538.386,704.67,17.11,2830.56
538.732,679.24,17.54,2858.41
539.077,672.38,18.68,2870.41
539.423,654.38,17.97,2894.27
539.768,634.81,18.25,2900.13
540.114,616.67,18.83,2915.98
540.459,600.1,18.11,2945.13
540.804,587.81,18.25,2977.13
541.149,574.67,18.11,2996.56
541.495,558.38,20.54,2993.84
541.84,546.24,21.25,3030.98
542.185,531.24,22.97,3029.56
542.53,516.67,23.25,3057.27
542.875,511.52,22.97,3092.27
543.22,497.52,22.83,3107.13
543.565,484.24,22.4,3114.41
543.91,468.52,20.11,3157.27
544.255,465.1,22.83,3155.56
544.6,445.52,22.97,3184.56
544.944,437.24,22.97,3181.7
545.289,427.1,21.54,3227.98
545.634,422.38,22.4,3244.27
545.978,408.95,23.97,3249.27
546.323,399.24,23.83,3260.13
546.668,388.24,24.97,3289.84
547.012,378.52,24.83,3316.84
547.357,373.24,24.25,3344.84
547.701,360.81,22.54,3322.13
548.046,350.1,21.68,3371.41
548.39,343.81,20.11,3385.98
548.734,329.81,19.4,3386.56
549.079,325.24,18.68,3416.27
549.423,317.38,19.25,3429.98
549.767,307.38,18.97,3441.98
550.111,305.1,19.97,3458.56
550.456,295.67,19.25,3480.7
550.8,287.67,18.97,3493.56
551.144,284.81,19.25,3517.27
551.488,277.38,17.97,3528.84
551.832,267.1,17.25,3535.84
552.176,263.95,17.4,3550.7
552.52,247.95,16.83,3577.98
552.863,247.81,17.54,3595.7
553.207,243.95,15.83,3590.56
553.551,238.67,16.11,3618.27
553.895,230.38,17.68,3637.7
554.239,223.24,16.54,3631.84
554.582,218.67,16.25,3628.98
554.926,217.24,17.54,3668.41
555.269,212.81,15.97,3675.56
555.613,206.52,16.4,3681.98
555.956,203.95,16.83,3709.7
556.3,195.1,16.4,3708.7
556.643,190.95,16.97,3728.7
556.987,185.52,15.54,3721.41
557.33,181.1,14.68,3719.84
557.673,178.24,15.11,3732.13
558.017,172.95,14.68,3758.98
558.36,171.1,16.4,3752.56
558.703,166.95,16.11,3761.56
559.046,159.67,16.83,3756.13
559.389,156.52,15.97,3766.13
559.732,152.1,15.68,3806.13
560.075,148.81,15.54,3795.41
560.418,145.52,16.68,3810.56
560.761,141.24,15.97,3803.84
561.104,140.67,16.25,3829.56
561.447,134.1,14.54,3822.41
561.79,132.81,15.11,3800.7
562.133,129.67,15.54,3819.84
562.475,125.52,15.11,3826.84
562.818,122.52,15.4,3807.13
563.161,116.38,15.83,3847.7
563.503,117.1,14.54,3828.27
563.846,114.81,14.25,3824.27
564.188,112.38,15.54,3825.27
564.531,107.38,13.54,3837.84
564.873,109.24,14.4,3850.98
565.216,101.52,15.11,3840.7
565.558,102.67,14.68,3867.56
565.9,100.1,16.25,3852.84
566.243,95.67,14.54,3826.7
566.585,94.81,14.4,3846.7
566.927,91.95,14.83,3840.7
567.269,91.38,14.4,3850.98
567.611,87.67,13.4,3856.27
567.954,85.81,15.54,3833.41
568.296,86.1,17.11,3854.84
568.638,82.1,15.25,3837.84
568.98,84.1,14.68,3849.98
569.321,77.1,14.25,3843.13
569.663,79.1,15.11,3861.13
570.005,76.67,15.68,3817.27
570.347,74.24,15.4,3825.84
570.689,74.81,16.83,3834.56
571.03,72.24,15.54,3834.7
571.372,71.81,14.11,3821.7
571.714,69.95,15.4,3823.7
572.055,69.67,16.25,3822.98
572.397,65.38,15.54,3823.84
572.738,65.67,15.54,3813.41
573.08,65.1,15.54,3816.98
573.421,62.81,17.11,3814.41
573.763,60.1,16.83,3793.98
574.104,60.52,15.68,3798.41
574.445,59.24,16.54,3812.41
574.787,59.1,15.83,3803.41
575.128,58.81,15.4,3797.98
575.469,55.95,15.4,3799.84
575.81,54.95,15.11,3809.84
576.151,53.24,15.11,3782.41
576.492,54.81,16.11,3805.13
576.833,52.24,16.54,3773.27
577.174,53.52,15.83,3776.27
577.515,53.95,14.54,3779.13
577.856,52.38,15.54,3783.13
578.197,52.67,15.83,3769.27
578.538,50.52,14.97,3781.84
578.878,52.38,16.83,3764.27
579.219,51.67,16.4,3772.56
579.56,50.1,14.97,3769.98
579.9,49.1,16.97,3778.13
580.241,48.1,16.83,3745.27
580.582,47.67,16.4,3763.84
580.922,48.81,18.11,3772.27
581.262,46.38,14.83,3752.98
581.603,44.52,16.4,3753.98
581.943,45.24,16.68,3739.56
582.284,45.38,15.83,3724.27
582.624,44.24,15.68,3737.98
582.964,42.81,15.83,3747.56
583.304,44.81,17.25,3711.27
583.645,43.95,16.97,3725.7
583.985,43.95,18.4,3730.7
584.325,43.95,17.97,3728.84
584.665,43.38,16.11,3722.84
585.005,43.38,17.25,3734.27
585.345,43.38,16.97,3714.7
585.685,43.24,16.25,3706.13
586.025,41.81,16.54,3686.7
586.364,42.1,18.4,3701.98
586.704,42.67,18.25,3699.13
587.044,42.52,18.25,3703.98
587.384,42.81,16.83,3689.7
587.723,41.38,17.11,3682.7
588.063,39.81,17.54,3671.84
588.403,42.1,17.68,3671.56
588.742,42.95,17.68,3655.98
589.082,42.24,19.25,3694.7
589.421,41.67,19.83,3656.41
589.761,41.38,18.11,3664.84
590.1,43.67,17.54,3667.41
590.439,42.1,19.11,3647.13
590.779,43.24,20.54,3626.98
591.118,43.24,18.97,3634.56
591.457,43.52,19.11,3634.84
591.796,43.95,21.25,3630.56
592.135,43.1,19.54,3635.41
592.474,44.52,19.25,3607.98
592.813,44.38,21.54,3587.27
593.152,43.81,21.83,3589.98
593.491,45.95,22.97,3571.27
593.83,43.81,23.68,3583.13
594.169,45.52,23.68,3576.13
594.508,46.67,24.83,3568.13
594.847,48.1,26.54,3579.7
595.186,47.67,25.83,3555.56
595.524,48.52,28.54,3554.98
595.863,51.52,30.68,3544.84
596.202,50.67,30.25,3550.84
596.54,52.24,31.97,3550.27
596.879,48.81,33.97,3503.98
597.217,49.52,36.97,3504.84
597.556,49.67,38.4,3485.27
597.894,56.24,40.83,3487.84
598.232,52.81,43.25,3477.98
598.571,55.67,48.25,3458.56
598.909,57.24,51.11,3457.13
599.247,54.52,54.54,3437.56
599.585,59.24,59.97,3428.84
599.923,60.1,66.97,3421.7
600.262,61.95,73.54,3415.56
600.6,62.81,77.4,3394.13
600.938,61.95,80.97,3389.7
601.276,62.81,92.4,3389.56
601.614,63.38,98.83,3341.27
601.951,66.1,103.83,3332.13
602.289,68.52,114.25,3357.98
602.627,67.24,121.11,3316.56
602.965,68.52,131.68,3309.56
603.303,70.67,140.97,3303.7
603.64,75.1,149.97,3263.98
603.978,73.38,160.11,3263.27
604.316,74.52,171.54,3259.84
604.653,75.67,182.25,3238.56
604.991,80.81,193.11,3213.41
605.328,85.1,210.54,3207.41
605.665,84.95,219.25,3182.13
606.003,84.38,233.97,3163.56
606.34,86.81,242.25,3144.84
606.678,90.24,261.25,3146.84
607.015,89.67,268.68,3110.27
607.352,93.67,282.68,3093.41
607.689,96.24,303.97,3085.13
608.026,98.24,315.97,3057.98
608.363,99.81,327.4,3030.98
608.7,102.81,346.68,3022.84
609.037,106.95,368.11,3019.13
609.374,107.52,377.11,2966.13
609.711,111.81,399.54,2974.56
610.048,114.38,414.25,2949.41
610.385,115.52,434.83,2929.13
610.722,120.1,453.54,2898.7
611.058,121.67,470.4,2882.84
611.395,127.81,498.68,2875.56
611.732,130.38,511.4,2806.98
612.068,131.81,540.11,2794.56
612.405,137.67,557.97,2775.7
612.741,140.67,577.25,2738.98
613.078,142.1,600.68,2731.7
613.414,147.95,619.11,2699.13
613.751,149.52,643.97,2676.84
614.087,156.81,670.4,2658.84
614.423,162.67,692.25,2632.7
614.76,165.1,719.68,2613.13
615.096,170.95,748.25,2588.98
615.432,172.1,771.4,2560.27
615.768,179.81,797.11,2558.41
616.104,181.67,817.97,2513.98
616.44,189.52,864.83,2499.41
616.776,195.38,895.68,2486.98
617.112,201.1,926.97,2477.84
617.448,205.24,944.83,2450.27
617.784,212.95,990.54,2429.56
618.12,218.95,1027.4,2428.98
618.456,226.67,1055.54,2399.84
618.791,232.38,1096.11,2395.98
619.127,239.67,1135.97,2383.56
619.463,253.67,1173.4,2372.13
619.798,260.52,1205.54,2348.13
620.134,269.24,1262.25,2350.41
620.469,280.1,1314.4,2349.41
620.805,290.38,1349.68,2314.27
621.14,299.95,1403.83,2330.56
621.476,314.52,1449.25,2313.13
621.811,326.81,1504.54,2310.7
622.146,334.24,1547.97,2293.41
622.482,346.67,1614.83,2291.56
622.817,363.67,1665.54,2291.41
623.152,375.52,1718.97,2280.84
623.487,392.95,1781.4,2291.56
623.822,405.95,1844.68,2273.13
624.157,418.95,1900.4,2267.27
624.492,436.24,1965.54,2261.84
624.827,454.67,2030.11,2268.13
625.162,465.81,2076.97,2263.56
625.497,488.1,2137.4,2266.13
625.832,506.24,2166.83,2250.84
626.166,526.38,2225.11,2250.84
626.501,538.52,2260.97,2257.98
626.836,563.38,2304.11,2246.7
627.171,584.67,2321.25,2228.7
627.505,614.67,2340.4,2236.56
627.84,633.81,2352.97,2238.7
628.174,649.67,2335.54,2217.7
628.509,681.81,2330.97,2222.84
628.843,708.67,2319.25,2204.56
629.177,728.52,2292.54,2193.84
629.512,751.38,2268.25,2200.13
629.846,766.81,2205.25,2193.13
630.18,791.24,2158.68,2189.7
630.515,805.95,2088.25,2165.27
630.849,815.1,2014.97,2156.7
631.183,840.81,1938.97,2160.41
631.517,848.95,1842.25,2138.27
631.851,866.1,1752.4,2126.56
632.185,890.24,1665.4,2115.7
632.519,897.1,1575.25,2104.27
632.853,914.81,1470.54,2090.27
633.187,931.24,1374.54,2076.98
633.52,944.81,1294.11,2066.98
633.854,967.95,1207.11,2056.98
634.188,982.67,1121.25,2038.84
634.522,997.95,1047.4,2018.56
634.855,1014.24,976.4,2016.27
635.189,1031.95,908.25,2000.7
635.522,1038.52,842.68,1986.13
635.856,1055.24,785.68,1978.98
636.189,1058.38,733.11,1947.27
636.523,1063.67,683.4,1944.27
636.856,1055.38,630.54,1912.41
637.189,1052.52,595.25,1911.27
637.523,1039.1,553.54,1895.27
637.856,1017.1,518.11,1882.7
638.189,1009.52,488.11,1870.7
638.522,985.81,449.4,1859.84
638.855,959.81,422.68,1842.27
639.188,927.95,393.4,1820.98
639.521,899.67,374.25,1822.13
639.854,873.24,349.11,1798.13
640.187,856.24,328.97,1788.13
640.52,819.1,305.25,1760.98
640.853,796.81,287.25,1749.98
641.186,765.81,270.68,1743.7
641.518,739.1,251.97,1716.13
641.851,709.38,237.54,1699.41
642.184,697.81,222.97,1705.27
642.516,660.95,208.83,1670.27
642.849,635.1,198.83,1654.13
643.181,610.24,189.4,1641.7
643.514,584.81,171.97,1637.84
643.846,552.52,160.97,1610.56
644.179,524.1,149.11,1602.56
644.511,495.24,141.68,1593.98
644.843,470.52,134.25,1579.13
645.175,443.24,127.25,1563.84
645.508,418.24,118.83,1557.56
645.84,391.95,111.83,1528.7
646.172,370.52,106.11,1522.41
646.504,351.24,99.4,1502.13
646.836,330.24,93.11,1487.27
647.168,310.1,89.68,1474.56
647.5,292.67,84.97,1467.84
647.832,281.38,79.68,1455.13
648.164,263.52,75.54,1448.7
648.495,251.67,72.4,1435.98
648.827,239.24,66.4,1403.98
649.159,224.24,65.68,1399.41
649.491,213.95,61.11,1394.7
649.822,207.24,60.54,1370.84
650.154,196.95,58.25,1360.84
650.485,185.38,54.25,1345.98
650.817,177.81,51.11,1333.56
651.148,169.1,48.54,1331.27
651.48,164.24,49.4,1315.7
651.811,158.52,45.68,1308.27
652.142,148.24,42.68,1286.84
652.473,142.67,44.25,1276.13
652.805,133.1,40.83,1260.7
653.136,126.81,40.25,1251.56
653.467,118.67,37.54,1233.84
653.798,114.38,37.11,1225.98
654.129,108.95,35.68,1213.56
654.46,103.24,33.54,1199.84
654.791,100.24,31.97,1199.27
655.122,90.95,32.68,1184.56
655.453,87.24,32.25,1175.98
655.783,85.38,29.97,1164.98
656.114,81.95,31.4,1145.41
656.445,78.1,29.97,1127.84
656.776,71.67,27.83,1121.7
657.106,70.67,28.97,1105.56
657.437,69.1,27.11,1100.7
657.767,64.95,28.54,1091.13
658.098,62.38,24.83,1079.27
658.428,58.52,23.68,1063.27
658.759,54.81,25.4,1050.7
659.089,54.38,22.68,1041.56
659.419,53.67,21.54,1034.7
659.75,53.24,22.4,1030.56
660.08,46.95,22.25,1013.84
660.41,45.52,21.97,1005.84
660.74,46.38,22.4,989.13
661.07,41.24,22.97,975.84
661.4,40.24,22.54,971.13
661.73,40.1,20.25,951.13
662.06,37.67,20.11,943.98
662.39,36.67,18.54,944.41
662.72,34.52,18.25,930.41
663.05,33.95,19.97,910.84
663.379,32.95,19.25,912.56
663.709,31.24,19.83,899.84
664.039,31.52,18.68,886.7
664.368,31.52,17.4,877.7
664.698,29.67,17.83,868.7
665.027,30.38,18.68,863.13
665.357,30.38,17.97,850.56
665.686,25.67,16.68,832.84
666.016,27.24,15.4,834.41
666.345,26.52,15.83,820.13
666.674,24.52,16.25,806.56
667.003,25.81,15.4,805.27
667.333,24.67,14.97,798.41
667.662,23.1,15.68,783.7
667.991,23.38,17.25,776.13
668.32,21.52,15.25,764.98
668.649,23.38,15.54,757.7
668.978,22.52,16.11,742.98
669.307,22.52,17.68,736.41
669.636,20.95,15.68,727.7
669.965,19.52,14.25,720.98
670.293,19.81,14.68,714.56
670.622,20.67,15.83,702.98
670.951,20.81,14.4,697.98
671.279,19.24,13.97,691.98
671.608,19.24,13.97,673.98
671.937,18.67,16.11,669.27
672.265,18.67,14.4,661.27
672.594,19.95,15.25,656.98
672.922,19.95,16.54,650.56
673.25,17.24,16.4,646.98
673.579,17.67,15.4,636.13
673.907,17.38,15.54,627.56
674.235,17.67,15.4,619.56
674.563,16.81,13.54,615.7
674.892,18.1,13.4,605.41
675.22,16.81,14.54,600.7
675.548,16.1,13.4,591.41
675.876,15.1,14.83,584.27
676.204,16.38,14.68,582.27
676.532,17.1,13.68,573.98
676.859,15.81,14.4,562.41
677.187,18.24,14.11,559.41
677.515,15.67,13.83,549.41
677.843,17.1,13.25,544.98
678.17,15.24,14.11,535.41
678.498,16.67,12.68,533.13
678.826,13.81,14.54,524.84
679.153,14.38,13.11,520.98
679.481,14.67,13.97,511.13
679.808,13.95,14.4,504.84
680.135,15.67,13.25,507.13
680.463,14.24,13.54,495.98
680.79,15.95,13.68,491.41
681.117,15.38,14.11,484.56
681.444,15.81,14.25,481.56
681.772,14.67,13.97,477.41
682.099,14.81,13.68,466.7
682.426,15.1,14.54,464.27
682.753,15.67,13.83,459.41
683.08,14.81,14.68,448.56
683.407,14.52,14.54,441.56
683.734,13.38,14.4,444.7
684.06,14.67,14.4,441.84
684.387,13.81,12.97,432.56
684.714,14.38,13.68,428.27
685.041,15.52,16.54,418.84
685.367,13.52,13.97,417.56
685.694,13.1,12.68,413.7
686.02,14.52,13.25,407.27
686.347,13.1,13.83,403.98
686.673,15.52,12.68,402.84
687,12.95,14.97,394.27
687.326,15.52,14.25,391.27
687.652,14.24,13.54,386.7
687.979,14.95,13.25,382.84
688.305,15.38,13.4,378.98
688.631,14.81,12.97,371.84
688.957,13.38,13.4,371.98
689.283,14.67,12.54,364.7
689.609,13.95,12.54,359.41
689.935,13.52,12.54,361.56
690.261,12.24,12.54,356.13
690.587,13.52,13.97,349.41
690.913,13.38,13.54,352.13
691.239,16.24,13.97,346.98
691.565,13.52,12.97,336.84
691.89,13.81,13.25,334.13
692.216,13.67,13.54,331.13
692.542,15.24,14.4,328.13
692.867,13.1,12.4,324.41
693.193,13.52,13.11,320.7
693.518,13.38,13.97,315.7
693.843,14.1,14.11,316.56
694.169,14.95,13.11,308.7
694.494,13.38,12.54,304.41
694.819,12.67,12.54,304.7
695.145,14.67,13.54,306.7
695.47,13.95,12.4,294.7
695.795,13.81,10.97,295.56
696.12,13.67,14.4,293.41
696.445,12.81,13.54,293.41
696.77,15.24,13.68,290.13
697.095,14.52,12.68,284.7
697.42,12.81,12.25,279.84
697.745,13.38,12.54,271.84
698.07,15.38,13.68,280.98
698.394,13.24,13.11,268.56
698.719,12.81,13.11,267.7
699.044,12.81,13.4,263.27
699.368,13.95,12.97,260.27
699.693,14.1,12.4,259.7
700.017,12.95,11.68,259.98
700.342,12.95,11.4,253.13
700.666,12.67,11.83,252.41
700.991,12.1,12.68,250.98
701.315,11.38,12.4,246.84
701.639,13.38,12.54,244.7
701.963,13.67,12.54,242.98
702.288,14.1,12.4,238.27
702.612,12.52,11.97,235.98
702.936,11.81,12.25,238.7
703.26,12.81,11.68,234.41
703.584,13.67,13.54,229.41
703.908,12.38,14.11,228.84
704.232,14.38,12.54,228.13
704.556,13.67,11.97,221.98
704.879,13.38,12.97,216.13
705.203,13.67,13.97,222.7
705.527,13.67,13.54,215.98
705.85,13.95,12.54,216.98
706.174,14.38,12.83,217.7
706.498,12.95,13.68,212.84
706.821,11.81,14.11,207.84
707.145,12.1,13.4,206.27
707.468,12.38,12.54,206.56
707.791,11.67,11.54,199.56
708.115,13.67,12.25,199.7
708.438,14.24,12.25,196.7
708.761,12.1,12.83,195.13
709.084,12.52,13.54,195.27
709.407,12.38,13.97,192.84
709.731,12.24,12.83,188.13
710.054,14.67,12.11,190.41
710.377,12.81,11.97,185.13
710.699,12.52,11.68,186.41
711.022,13.1,12.25,184.84
711.345,12.95,14.11,180.84
711.668,11.67,12.97,179.41
711.991,13.95,13.97,176.98
712.313,13.1,12.4,179.13
712.636,13.81,13.25,173.13
712.959,12.1,13.11,172.27
713.281,14.81,12.83,178.13
713.604,13.95,13.68,171.13
713.926,13.38,14.68,163.98
714.249,12.1,12.68,164.27
714.571,13.24,12.25,164.84
714.893,12.38,11.97,161.98
715.215,12.38,11.97,162.41
715.538,12.38,12.83,159.98
715.86,13.1,13.68,157.41
716.182,14.1,13.25,154.27
716.504,13.81,13.11,154.13
716.826,12.67,13.11,152.7
717.148,13.81,11.97,151.27
717.47,11.38,12.25,150.27
717.792,11.38,13.11,149.13
718.114,10.81,13.11,146.84
718.435,11.95,12.54,147.41
718.757,13.1,11.97,147.41
719.079,10.67,12.25,140.7
719.4,11.67,13.11,141.84
719.722,13.38,12.97,143.13
720.043,12.1,12.11,136.41
720.365,12.95,11.68,138.7
720.686,13.1,13.11,134.98
721.008,12.95,12.25,138.13
721.329,14.81,13.97,138.98
721.65,13.1,12.54,136.98
721.972,13.52,11.68,131.84
722.293,14.24,11.68,131.13
722.614,12.24,13.11,125.56
722.935,12.24,12.68,129.27
723.256,13.24,11.83,125.56
723.577,14.81,11.54,124.98
723.898,12.81,12.11,125.98
724.219,12.81,10.97,124.56
724.54,13.24,12.54,121.7
724.86,11.52,12.11,120.13
725.181,12.38,13.97,118.7
725.502,13.1,12.97,119.84
725.823,11.95,11.25,119.13
726.143,11.38,11.4,115.27
726.464,11.95,13.4,114.7
726.784,11.24,12.25,113.56
727.105,12.38,12.11,111.7
727.425,14.67,12.25,108.84
727.745,12.24,11.83,109.41
728.066,13.24,11.97,109.41
728.386,14.24,10.83,107.56
728.706,12.24,11.97,107.56
729.026,11.95,12.25,104.84
729.346,11.81,11.83,103.27
729.666,13.81,12.4,101.13
729.986,12.81,11.97,104.7
730.306,13.1,12.25,102.27
730.626,13.24,12.97,100.56
730.946,12.24,14.25,99.7
731.266,11.38,12.25,96.27
731.586,12.1,12.11,95.41
731.905,14.1,11.54,98.41
732.225,12.95,12.54,95.27
732.545,12.52,12.83,93.98
732.864,11.52,12.54,91.84
733.184,11.38,13.4,91.27
733.503,12.24,13.25,92.98
733.823,11.95,13.68,88.41
734.142,12.81,13.68,89.7
734.461,11.81,12.83,87.13
734.781,13.38,11.97,86.7
735.1,12.95,13.11,86.27
735.419,11.52,13.4,86.84
735.738,13.52,12.4,84.84
736.057,12.81,11.97,83.13
736.376,12.67,11.97,84.41
736.695,11.24,11.68,81.98
737.014,11.52,12.4,82.41
737.333,13.67,12.11,79.7
737.652,12.81,12.54,81.41
737.971,12.1,11.4,78.7
738.289,11.52,11.83,76.41
738.608,12.67,12.25,76.56
738.927,12.95,11.4,74.41
739.245,15.52,12.11,79.56
739.564,13.52,11.83,73.27
739.882,10.81,11.68,73.41
740.201,13.52,11.54,72.56
740.519,13.67,12.4,72.98
740.837,12.38,12.83,73.13
741.156,13.95,13.83,75.13
741.474,13.1,12.83,69.84
741.792,12.67,12.25,68.84
742.11,11.38,11.83,63.98
742.428,12.38,10.97,66.7
742.746,12.52,11.83,64.13
743.064,11.38,13.54,66.98
743.382,12.52,11.97,63.7
743.7,12.95,12.97,65.56
744.018,13.81,12.54,62.84
744.336,13.24,11.54,64.7
744.653,12.24,11.4,62.84
744.971,13.24,11.83,60.84
745.289,11.24,11.11,62.7
745.606,12.95,12.54,61.27
745.924,11.52,12.54,56.98
746.241,11.1,12.97,58.13
746.559,13.24,13.11,57.7
746.876,12.24,13.11,57.13
747.193,11.95,11.68,55.84
747.51,12.81,12.25,58.41
747.828,12.1,12.68,56.7
748.145,12.24,13.11,56.13
748.462,12.81,11.97,55.98
748.779,13.24,13.25,54.7
749.096,13.38,12.97,53.7
749.413,13.52,12.68,53.56
749.73,13.24,11.11,52.27
750.047,11.52,13.11,50.98
